City,Description,Temperature_F,Feels_Like_F,Minimun_Temp_F,Maximum_Temp_F,Temperature_C,Feels_Like_C,Minimum_Temp_C,Maximum_Temp_C,Pressure,Humidty,Wind_Speed,Time_of_Record,Sunrise_Local_Time,Sunset_Local_Time
Calgary,broken clouds,56.64,55.87,55.6,58.03,13.69,13.26,13.11,14.46,1026,82,3.6,2025-07-15 03:59:07,2025-07-14 23:39:17,2025-07-15 15:44:59
Calgary,broken clouds,56.64,55.87,55.6,58.03,13.69,13.26,13.11,14.46,1026,82,3.6,2025-07-15 03:59:07,2025-07-14 23:39:17,2025-07-15 15:44:59
Calgary,overcast clouds,51.28,50.58,49.41,52.03,10.71,10.32,9.67,11.13,1025,95,3.81,2025-07-14 17:58:40,2025-07-13 23:38:08,2025-07-14 15:45:56
Calgary,overcast clouds,51.76,51.15,49.77,52.5,10.98,10.64,9.87,11.39,1025,96,0.45,2025-07-14 17:00:00,2025-07-13 23:38:08,2025-07-14 15:45:56
Calgary,overcast clouds,52.21,51.66,50.65,52.95,11.23,10.92,10.36,11.64,1025,96,4.13,2025-07-14 15:59:06,2025-07-13 23:38:08,2025-07-14 15:45:56
Calgary,moderate rain,52.43,51.84,50.22,53.51,11.35,11.02,10.12,11.95,1024,95,0.45,2025-07-14 14:56:57,2025-07-13 23:38:08,2025-07-14 15:45:56
Calgary,overcast clouds,53.13,52.61,52.02,54.5,11.74,11.45,11.12,12.5,1023,95,0.45,2025-07-14 14:00:00,2025-07-13 23:38:08,2025-07-14 15:45:56
Calgary,overcast clouds,53.28,52.77,52.21,54.5,11.82,11.54,11.23,12.5,1023,95,3.91,2025-07-14 13:30:07,2025-07-13 23:38:08,2025-07-14 15:45:56
Calgary,clear sky,49.12,47.21,46.22,51.58,9.51,8.45,7.9,10.88,1020,84,2.22,2025-07-10 21:10:19,2025-07-10 23:34:50,2025-07-11 15:48:32
Calgary,clear sky,50.27,48.81,46.22,52.16,10.15,9.34,7.9,11.2,1021,81,0.0,2025-07-10 20:42:54,2025-07-10 23:34:50,2025-07-11 15:48:32
Calgary,clear sky,51.67,50.11,49.95,52.95,10.93,10.06,9.97,11.64,1020,76,1.77,2025-07-10 19:03:44,2025-07-10 23:34:50,2025-07-11 15:48:32
Calgary,scattered clouds,53.82,52.52,50.76,55.02,12.12,11.4,10.42,12.79,1020,77,0.37,2025-07-10 16:59:00,2025-07-09 23:33:47,2025-07-10 15:49:18
Calgary,broken clouds,56.64,55.38,53.55,57.56,13.69,12.99,11.97,14.2,1019,72,1.34,2025-07-10 15:55:50,2025-07-09 23:33:47,2025-07-10 15:49:18
Calgary,scattered clouds,58.23,56.86,56.41,59.5,14.57,13.81,13.56,15.28,1019,66,2.06,2025-07-10 14:55:27,2025-07-09 23:33:47,2025-07-10 15:49:18
Calgary,broken clouds,58.62,57.24,57.56,59.95,14.79,14.02,14.2,15.53,1018,65,2.57,2025-07-10 13:53:57,2025-07-09 23:33:47,2025-07-10 15:49:18
Calgary,broken clouds,59.85,58.44,57.56,61.65,15.47,14.69,14.2,16.47,1018,62,2.57,2025-07-10 13:30:02,2025-07-09 23:33:47,2025-07-10 15:49:18
Calgary,broken clouds,59.85,58.44,57.56,61.65,15.47,14.69,14.2,16.47,1018,62,2.57,2025-07-10 13:30:02,2025-07-09 23:33:47,2025-07-10 15:49:18
Calgary,overcast clouds,59.2,58.3,57.76,59.95,15.11,14.61,14.31,15.53,1011,74,2.16,2025-07-09 23:44:46,2025-07-09 23:33:47,2025-07-10 15:49:18
Calgary,broken clouds,60.19,59.67,57.15,61.5,15.66,15.37,13.97,16.39,1011,80,2.57,2025-07-09 20:57:45,2025-07-09 23:33:47,2025-07-10 15:49:18
Calgary,broken clouds,60.19,59.67,57.15,61.5,15.66,15.37,13.97,16.39,1011,80,2.57,2025-07-09 20:57:45,2025-07-09 23:33:47,2025-07-10 15:49:18
Calgary,broken clouds,60.4,60.04,57.15,61.95,15.78,15.58,13.97,16.64,1009,83,3.6,2025-07-09 19:26:39,2025-07-09 23:33:47,2025-07-10 15:49:18
Calgary,scattered clouds,60.4,60.19,57.76,61.95,15.78,15.66,14.31,16.64,1010,86,1.76,2025-07-09 18:10:00,2025-07-09 23:33:47,2025-07-10 15:49:18
Calgary,broken clouds,60.58,60.19,57.42,62.55,15.88,15.66,14.12,16.97,1010,82,0.0,2025-07-09 16:50:50,2025-07-08 23:32:47,2025-07-09 15:50:02
Calgary,broken clouds,60.66,60.22,57.76,62.55,15.92,15.68,14.31,16.97,1009,81,0.0,2025-07-09 16:26:35,2025-07-08 23:32:47,2025-07-09 15:50:02
Calgary,broken clouds,65.62,65.23,64.02,67.95,18.68,18.46,17.79,19.97,1008,71,6.69,2025-07-09 13:56:43,2025-07-08 23:32:47,2025-07-09 15:50:02
Calgary,overcast clouds,74.64,74.48,73.42,75.65,23.69,23.6,23.01,24.25,1004,57,2.57,2025-07-09 11:56:59,2025-07-08 23:32:47,2025-07-09 15:50:02
Calgary,broken clouds,74.52,74.16,72.64,76.59,23.62,23.42,22.58,24.77,1004,53,3.09,2025-07-09 11:15:38,2025-07-08 23:32:47,2025-07-09 15:50:02
Calgary,broken clouds,75.43,75.25,73.35,76.64,24.13,24.03,22.97,24.8,1004,55,3.09,2025-07-09 10:04:11,2025-07-08 23:32:47,2025-07-09 15:50:02
Calgary,broken clouds,75.43,75.25,73.35,76.64,24.13,24.03,22.97,24.8,1004,55,3.09,2025-07-09 10:04:11,2025-07-08 23:32:47,2025-07-09 15:50:02
Calgary,broken clouds,72.88,72.45,68.41,75.02,22.71,22.47,20.23,23.9,1008,55,4.12,2025-07-09 06:22:52,2025-07-08 23:32:47,2025-07-09 15:50:02
Calgary,broken clouds,66.56,65.17,66.56,67.95,19.2,18.43,19.2,19.97,1010,48,1.54,2025-07-09 01:55:26,2025-07-08 23:32:47,2025-07-09 15:50:02
Calgary,broken clouds,66.56,65.17,66.56,67.95,19.2,18.43,19.2,19.97,1009,48,4.12,2025-07-09 01:00:00,2025-07-08 23:32:47,2025-07-09 15:50:02
Calgary,overcast clouds,68.56,67.08,67.01,70.16,20.31,19.49,19.45,21.2,1007,42,2.57,2025-07-08 23:54:48,2025-07-08 23:32:47,2025-07-09 15:50:02
Calgary,scattered clouds,69.15,67.69,66.42,71.22,20.64,19.83,19.12,21.79,1005,41,4.59,2025-07-08 23:11:16,2025-07-08 23:32:47,2025-07-09 15:50:02
Calgary,few clouds,88.65,85.17,85.95,89.96,31.47,29.54,29.97,32.2,1003,21,4.12,2025-07-08 12:59:09,2025-07-07 23:31:49,2025-07-08 15:50:43
Calgary,few clouds,89.28,85.66,87.75,89.96,31.82,29.81,30.97,32.2,1003,20,4.12,2025-07-08 12:26:26,2025-07-07 23:31:49,2025-07-08 15:50:43
Calgary,few clouds,88.74,86.0,85.95,90.64,31.52,30.0,29.97,32.58,1003,27,5.66,2025-07-08 09:56:59,2025-07-07 23:31:49,2025-07-08 15:50:43
Calgary,clear sky,88.66,86.43,85.59,90.03,31.48,30.24,29.77,32.24,1004,30,2.88,2025-07-08 08:53:55,2025-07-07 23:31:49,2025-07-08 15:50:43
Calgary,scattered clouds,86.29,83.89,84.56,87.66,30.16,28.83,29.2,30.92,1005,29,2.57,2025-07-08 07:57:40,2025-07-07 23:31:49,2025-07-08 15:50:43
Calgary,scattered clouds,84.87,82.53,84.22,86.65,29.37,28.07,29.01,30.36,1006,28,0.0,2025-07-08 06:59:27,2025-07-07 23:31:49,2025-07-08 15:50:43
Calgary,broken clouds,82.2,80.71,79.77,83.75,27.89,27.06,26.54,28.75,1006,31,2.57,2025-07-08 05:59:01,2025-07-07 23:31:49,2025-07-08 15:50:43
Calgary,broken clouds,79.27,79.27,77.41,79.59,26.26,26.26,25.23,26.44,1007,36,3.09,2025-07-08 04:58:15,2025-07-07 23:31:49,2025-07-08 15:50:43
Calgary,scattered clouds,73.56,72.88,72.21,74.59,23.09,22.71,22.34,23.66,1008,48,2.19,2025-07-08 03:56:26,2025-07-07 23:31:49,2025-07-08 15:50:43
Calgary,scattered clouds,69.91,69.28,66.22,71.96,21.06,20.71,19.01,22.2,1009,57,1.92,2025-07-08 02:52:05,2025-07-07 23:31:49,2025-07-08 15:50:43
Calgary,broken clouds,65.28,64.76,62.96,67.01,18.49,18.2,17.2,19.45,1010,69,1.03,2025-07-08 01:55:53,2025-07-07 23:31:49,2025-07-08 15:50:43
Calgary,broken clouds,63.73,63.05,61.41,65.95,17.63,17.25,16.34,18.86,1010,69,1.03,2025-07-08 01:33:16,2025-07-07 23:31:49,2025-07-08 15:50:43
Calgary,scattered clouds,59.86,59.13,57.15,60.96,15.48,15.07,13.97,16.09,1010,76,2.04,2025-07-08 00:01:45,2025-07-07 23:31:49,2025-07-08 15:50:43
Calgary,scattered clouds,59.92,59.5,57.42,60.03,15.51,15.28,14.12,15.57,1010,83,2.03,2025-07-07 21:56:09,2025-07-07 23:31:49,2025-07-08 15:50:43
Calgary,scattered clouds,59.92,59.5,57.42,60.03,15.51,15.28,14.12,15.57,1010,83,2.03,2025-07-07 21:56:09,2025-07-07 23:31:49,2025-07-08 15:50:43
Calgary,broken clouds,65.79,65.12,64.35,66.56,18.77,18.4,17.97,19.2,1012,65,3.09,2025-07-07 18:00:06,2025-07-07 23:31:49,2025-07-08 15:50:43
Calgary,broken clouds,70.16,69.31,67.95,70.16,21.2,20.73,19.97,21.2,1011,52,4.12,2025-07-07 16:57:14,2025-07-06 23:30:53,2025-07-07 15:51:21
Calgary,broken clouds,70.09,69.24,66.42,70.16,21.16,20.69,19.12,21.2,1011,52,4.12,2025-07-07 16:22:10,2025-07-06 23:30:53,2025-07-07 15:51:21
Calgary,broken clouds,71.96,71.17,71.96,75.15,22.2,21.76,22.2,23.97,1011,49,5.14,2025-07-07 14:56:49,2025-07-06 23:30:53,2025-07-07 15:51:21
Calgary,broken clouds,72.57,72.16,70.41,73.65,22.54,22.31,21.34,23.14,1011,56,3.01,2025-07-07 13:55:15,2025-07-06 23:30:53,2025-07-07 15:51:21
Calgary,scattered clouds,74.79,74.35,72.41,75.74,23.77,23.53,22.45,24.3,1011,51,6.17,2025-07-07 13:20:16,2025-07-06 23:30:53,2025-07-07 15:51:21
Calgary,scattered clouds,72.18,71.55,71.55,73.65,22.32,21.97,21.97,23.14,1013,52,3.94,2025-07-07 07:45:54,2025-07-06 23:30:53,2025-07-07 15:51:21
Calgary,broken clouds,70.03,69.66,67.75,71.02,21.13,20.92,19.86,21.68,1015,62,0.45,2025-07-07 05:54:30,2025-07-06 23:30:53,2025-07-07 15:51:21
Calgary,broken clouds,62.46,61.74,59.36,65.41,16.92,16.52,15.2,18.56,1017,71,2.06,2025-07-07 03:53:04,2025-07-06 23:30:53,2025-07-07 15:51:21
Calgary,scattered clouds,54.73,53.82,52.21,57.65,12.63,12.12,11.23,14.25,1018,83,1.54,2025-07-07 01:58:18,2025-07-06 23:30:53,2025-07-07 15:51:21
Calgary,overcast clouds,51.93,51.01,49.21,54.95,11.07,10.56,9.56,12.75,1017,89,1.25,2025-07-07 01:09:42,2025-07-06 23:30:53,2025-07-07 15:51:21
Calgary,overcast clouds,51.93,51.01,49.21,54.95,11.07,10.56,9.56,12.75,1017,89,1.25,2025-07-07 01:09:42,2025-07-06 23:30:53,2025-07-07 15:51:21
Calgary,broken clouds,53.6,52.7,49.64,55.02,12.0,11.5,9.8,12.79,1017,86,1.47,2025-07-06 20:13:50,2025-07-06 23:30:53,2025-07-07 15:51:21
Calgary,broken clouds,53.6,52.7,49.64,55.02,12.0,11.5,9.8,12.79,1017,86,1.47,2025-07-06 20:05:20,2025-07-06 23:30:53,2025-07-07 15:51:21
Calgary,scattered clouds,60.89,60.06,59.74,62.96,16.05,15.59,15.41,17.2,1017,72,2.72,2025-07-06 14:52:37,2025-07-05 23:29:59,2025-07-06 15:51:57
Calgary,broken clouds,63.39,62.64,60.76,65.41,17.44,17.02,15.98,18.56,1017,68,2.06,2025-07-06 13:53:02,2025-07-05 23:29:59,2025-07-06 15:51:57
Calgary,light intensity shower rain,61.59,60.78,59.74,64.96,16.44,15.99,15.41,18.31,1017,71,7.72,2025-07-06 12:59:49,2025-07-05 23:29:59,2025-07-06 15:51:57
Calgary,broken clouds,67.32,66.2,62.22,68.65,19.62,19.0,16.79,20.36,1016,52,4.12,2025-07-06 11:57:48,2025-07-05 23:29:59,2025-07-06 15:51:57
Calgary,broken clouds,68.0,66.85,66.15,69.51,20.0,19.36,18.97,20.84,1016,50,4.63,2025-07-06 10:53:40,2025-07-05 23:29:59,2025-07-06 15:51:57
Calgary,broken clouds,67.62,66.61,64.35,69.75,19.79,19.23,17.97,20.97,1016,54,4.12,2025-07-06 10:05:40,2025-07-05 23:29:59,2025-07-06 15:51:57
Calgary,broken clouds,67.62,66.61,64.35,69.75,19.79,19.23,17.97,20.97,1016,54,4.12,2025-07-06 10:05:40,2025-07-05 23:29:59,2025-07-06 15:51:57
Calgary,broken clouds,61.9,60.57,60.58,63.01,16.61,15.87,15.88,17.23,1019,59,7.2,2025-07-06 05:57:01,2025-07-05 23:29:59,2025-07-06 15:51:57
Calgary,broken clouds,59.76,58.59,58.59,61.75,15.42,14.77,14.77,16.53,1019,67,8.23,2025-07-06 04:58:35,2025-07-05 23:29:59,2025-07-06 15:51:57
Calgary,broken clouds,59.76,58.59,58.59,61.75,15.42,14.77,14.77,16.53,1019,67,8.23,2025-07-06 04:47:04,2025-07-05 23:29:59,2025-07-06 15:51:57
Calgary,overcast clouds,57.22,56.35,54.41,58.64,14.01,13.53,12.45,14.8,1018,79,4.75,2025-07-06 03:15:09,2025-07-05 23:29:59,2025-07-06 15:51:57
Calgary,broken clouds,56.59,55.76,53.76,58.64,13.66,13.2,12.09,14.8,1019,81,5.14,2025-07-06 02:58:03,2025-07-05 23:29:59,2025-07-06 15:51:57
Calgary,broken clouds,55.29,54.61,53.65,56.03,12.94,12.56,12.03,13.35,1016,87,2.06,2025-07-05 21:17:18,2025-07-05 23:29:59,2025-07-06 15:51:57
Calgary,broken clouds,55.29,54.61,53.65,56.03,12.94,12.56,12.03,13.35,1016,87,2.06,2025-07-05 21:17:18,2025-07-05 23:29:59,2025-07-06 15:51:57
Calgary,broken clouds,57.38,56.57,55.35,57.56,14.1,13.65,12.97,14.2,1017,80,5.66,2025-07-05 17:53:20,2025-07-04 23:29:08,2025-07-05 15:52:29
Calgary,broken clouds,58.14,57.18,57.02,59.36,14.52,13.99,13.9,15.2,1017,75,6.17,2025-07-05 16:56:19,2025-07-04 23:29:08,2025-07-05 15:52:29
Calgary,broken clouds,60.67,59.83,58.59,61.16,15.93,15.46,14.77,16.2,1017,72,7.2,2025-07-05 15:50:34,2025-07-04 23:29:08,2025-07-05 15:52:29
Calgary,broken clouds,61.5,60.6,60.42,62.96,16.39,15.89,15.79,17.2,1016,69,8.23,2025-07-05 14:55:14,2025-07-04 23:29:08,2025-07-05 15:52:29
Calgary,broken clouds,61.5,60.6,60.42,62.96,16.39,15.89,15.79,17.2,1016,69,8.23,2025-07-05 14:55:14,2025-07-04 23:29:08,2025-07-05 15:52:29
Calgary,broken clouds,66.72,65.77,65.59,67.95,19.29,18.76,18.66,19.97,1016,57,7.2,2025-07-05 11:56:41,2025-07-04 23:29:08,2025-07-05 15:52:29
Calgary,broken clouds,66.7,65.71,66.56,67.95,19.28,18.73,19.2,19.97,1017,56,8.75,2025-07-05 10:54:56,2025-07-04 23:29:08,2025-07-05 15:52:29
Calgary,broken clouds,66.81,65.82,65.59,67.95,19.34,18.79,18.66,19.97,1016,56,8.75,2025-07-05 10:30:47,2025-07-04 23:29:08,2025-07-05 15:52:29
Calgary,overcast clouds,63.77,62.91,61.75,65.03,17.65,17.17,16.53,18.35,1018,65,0.45,2025-07-05 05:57:33,2025-07-04 23:29:08,2025-07-05 15:52:29
Calgary,broken clouds,61.14,60.3,59.36,62.76,16.19,15.72,15.2,17.09,1018,71,7.2,2025-07-05 04:57:38,2025-07-04 23:29:08,2025-07-05 15:52:29
Calgary,broken clouds,59.72,58.91,57.76,61.5,15.4,14.95,14.31,16.39,1018,75,5.66,2025-07-05 03:56:19,2025-07-04 23:29:08,2025-07-05 15:52:29
Calgary,broken clouds,59.34,58.5,57.76,60.51,15.19,14.72,14.31,15.84,1018,75,5.66,2025-07-05 03:35:30,2025-07-04 23:29:08,2025-07-05 15:52:29
Calgary,overcast clouds,56.73,55.87,55.35,57.96,13.74,13.26,12.97,14.42,1018,80,4.12,2025-07-05 00:50:00,2025-07-04 23:29:08,2025-07-05 15:52:29
Calgary,overcast clouds,56.73,55.87,55.35,57.96,13.74,13.26,12.97,14.42,1018,80,4.12,2025-07-05 00:50:00,2025-07-04 23:29:08,2025-07-05 15:52:29
Calgary,overcast clouds,56.79,55.92,55.35,57.96,13.77,13.29,12.97,14.42,1018,80,4.12,2025-07-05 00:45:01,2025-07-04 23:29:08,2025-07-05 15:52:29
Calgary,overcast clouds,64.17,63.05,61.41,64.76,17.87,17.25,16.34,18.2,1016,59,4.12,2025-07-04 14:53:44,2025-07-03 23:28:18,2025-07-04 15:52:58
Calgary,overcast clouds,65.32,64.13,62.76,66.65,18.51,17.85,17.09,19.25,1015,55,3.6,2025-07-04 13:57:01,2025-07-03 23:28:18,2025-07-04 15:52:58
Calgary,overcast clouds,65.73,64.6,63.59,67.64,18.74,18.11,17.55,19.8,1015,55,5.66,2025-07-04 12:58:04,2025-07-03 23:28:18,2025-07-04 15:52:58
Calgary,broken clouds,65.84,64.67,64.6,67.01,18.8,18.15,18.11,19.45,1015,54,4.12,2025-07-04 11:57:32,2025-07-03 23:28:18,2025-07-04 15:52:58
Calgary,broken clouds,65.28,64.0,64.6,66.15,18.49,17.78,18.11,18.97,1015,53,3.09,2025-07-04 10:57:48,2025-07-03 23:28:18,2025-07-04 15:52:58
Calgary,broken clouds,65.7,64.36,64.6,67.41,18.72,17.98,18.11,19.67,1015,51,5.66,2025-07-04 09:56:26,2025-07-03 23:28:18,2025-07-04 15:52:58
Calgary,broken clouds,62.91,61.34,62.6,64.42,17.17,16.3,17.0,18.01,1016,52,0.0,2025-07-04 08:51:59,2025-07-03 23:28:18,2025-07-04 15:52:58
Calgary,broken clouds,62.94,61.38,62.6,63.21,17.19,16.32,17.0,17.34,1016,52,2.57,2025-07-04 07:58:15,2025-07-03 23:28:18,2025-07-04 15:52:58
Calgary,broken clouds,62.35,60.87,60.58,62.96,16.86,16.04,15.88,17.2,1017,55,3.6,2025-07-04 06:56:11,2025-07-03 23:28:18,2025-07-04 15:52:58
Calgary,broken clouds,59.7,58.19,58.95,61.41,15.39,14.55,14.97,16.34,1017,60,5.66,2025-07-04 05:56:31,2025-07-03 23:28:18,2025-07-04 15:52:58
Calgary,broken clouds,62.96,61.54,60.75,62.96,17.2,16.41,15.97,17.2,1017,55,1.54,2025-07-04 04:56:29,2025-07-03 23:28:18,2025-07-04 15:52:58
Calgary,broken clouds,61.16,59.56,55.35,61.16,16.2,15.31,12.97,16.2,1016,55,1.03,2025-07-04 03:58:40,2025-07-03 23:28:18,2025-07-04 15:52:58
Calgary,broken clouds,59.04,57.94,54.75,60.03,15.02,14.41,12.64,15.57,1015,70,2.06,2025-07-04 02:56:53,2025-07-03 23:28:18,2025-07-04 15:52:58
Calgary,broken clouds,54.37,53.37,51.76,56.41,12.43,11.87,10.98,13.56,1015,82,0.0,2025-07-04 01:53:53,2025-07-03 23:28:18,2025-07-04 15:52:58
Calgary,broken clouds,52.05,50.95,50.36,54.95,11.14,10.53,10.2,12.75,1014,85,2.06,2025-07-04 01:01:33,2025-07-03 23:28:18,2025-07-04 15:52:58
Calgary,broken clouds,52.05,50.95,50.36,54.95,11.14,10.53,10.2,12.75,1014,85,2.06,2025-07-04 01:01:33,2025-07-03 23:28:18,2025-07-04 15:52:58
Calgary,broken clouds,59.27,58.14,57.6,60.03,15.15,14.52,14.22,15.57,1009,69,7.2,2025-07-03 14:50:36,2025-07-02 23:27:31,2025-07-03 15:53:25
Calgary,broken clouds,59.54,58.44,57.42,60.96,15.3,14.69,14.12,16.09,1008,69,8.75,2025-07-03 13:59:18,2025-07-02 23:27:31,2025-07-03 15:53:25
Calgary,scattered clouds,60.75,59.9,58.41,62.02,15.97,15.5,14.67,16.68,1007,72,1.34,2025-07-03 12:52:31,2025-07-02 23:27:31,2025-07-03 15:53:25
Calgary,broken clouds,61.47,60.75,59.02,63.95,16.37,15.97,15.01,17.75,1005,73,11.32,2025-07-03 11:55:03,2025-07-02 23:27:31,2025-07-03 15:53:25
Calgary,scattered clouds,69.57,69.66,69.03,72.64,20.87,20.92,20.57,22.58,1002,73,1.34,2025-07-03 11:17:16,2025-07-02 23:27:31,2025-07-03 15:53:25
Calgary,clear sky,72.07,71.33,67.95,73.65,22.26,21.85,19.97,23.14,1004,50,0.89,2025-07-03 07:01:16,2025-07-02 23:27:31,2025-07-03 15:53:25
Calgary,few clouds,61.12,59.81,58.77,62.22,16.18,15.45,14.87,16.79,1006,61,5.14,2025-07-03 02:56:07,2025-07-02 23:27:31,2025-07-03 15:53:25
Calgary,few clouds,58.42,57.11,56.77,59.5,14.68,13.95,13.76,15.28,1006,67,8.23,2025-07-03 01:55:45,2025-07-02 23:27:31,2025-07-03 15:53:25
Calgary,few clouds,57.09,55.94,55.22,58.03,13.94,13.3,12.9,14.46,1006,73,9.26,2025-07-03 00:58:47,2025-07-02 23:27:31,2025-07-03 15:53:25
Calgary,few clouds,56.34,55.33,53.76,57.56,13.52,12.96,12.09,14.2,1005,78,8.75,2025-07-03 00:05:09,2025-07-02 23:27:31,2025-07-03 15:53:25
Calgary,few clouds,56.34,55.33,53.76,57.56,13.52,12.96,12.09,14.2,1005,78,8.75,2025-07-03 00:05:09,2025-07-02 23:27:31,2025-07-03 15:53:25
Calgary,broken clouds,72.54,71.37,68.95,73.76,22.52,21.87,20.53,23.2,998,40,3.6,2025-07-02 15:59:23,2025-07-01 23:26:47,2025-07-02 15:53:49
Calgary,broken clouds,73.38,72.36,71.22,74.75,22.99,22.42,21.79,23.75,997,41,2.03,2025-07-02 15:00:00,2025-07-01 23:26:47,2025-07-02 15:53:49
Calgary,broken clouds,76.57,75.67,72.77,79.02,24.76,24.26,22.65,26.12,998,37,0.89,2025-07-02 13:59:18,2025-07-01 23:26:47,2025-07-02 15:53:49
Calgary,broken clouds,82.94,81.18,78.66,84.51,28.3,27.32,25.92,29.17,996,30,3.09,2025-07-02 12:57:01,2025-07-01 23:26:47,2025-07-02 15:53:49
Calgary,broken clouds,85.26,82.87,80.76,87.03,29.59,28.26,27.09,30.57,995,28,3.09,2025-07-02 12:28:35,2025-07-01 23:26:47,2025-07-02 15:53:49
Calgary,scattered clouds,63.16,61.9,60.66,64.35,17.31,16.61,15.92,17.97,1014,58,3.09,2025-06-28 13:42:26,2025-06-27 23:24:15,2025-06-28 15:54:53
Calgary,broken clouds,62.53,61.45,60.66,64.51,16.96,16.36,15.92,18.06,1014,63,4.12,2025-06-28 12:19:39,2025-06-27 23:24:15,2025-06-28 15:54:53
Calgary,broken clouds,58.8,57.67,56.95,60.76,14.89,14.26,13.86,15.98,1013,70,3.6,2025-06-28 11:17:33,2025-06-27 23:24:15,2025-06-28 15:54:53
Calgary,broken clouds,59.34,58.17,55.35,60.03,15.19,14.54,12.97,15.57,1013,68,10.29,2025-06-28 10:34:15,2025-06-27 23:24:15,2025-06-28 15:54:53
Calgary,broken clouds,62.02,61.07,59.41,64.22,16.68,16.15,15.23,17.9,1013,67,0.89,2025-06-28 09:32:20,2025-06-27 23:24:15,2025-06-28 15:54:53
Calgary,scattered clouds,60.21,59.31,58.21,66.15,15.67,15.17,14.56,18.97,1012,72,1.34,2025-06-28 08:27:01,2025-06-27 23:24:15,2025-06-28 15:54:53
Calgary,broken clouds,66.58,65.61,63.59,68.5,19.21,18.67,17.55,20.28,1011,57,4.12,2025-06-28 07:20:44,2025-06-27 23:24:15,2025-06-28 15:54:53
Calgary,scattered clouds,65.05,63.93,62.42,67.03,18.36,17.74,16.9,19.46,1013,57,4.63,2025-06-28 05:57:38,2025-06-27 23:24:15,2025-06-28 15:54:53
Calgary,few clouds,61.84,60.6,60.58,63.01,16.58,15.89,15.88,17.23,1013,61,4.63,2025-06-28 04:57:00,2025-06-27 23:24:15,2025-06-28 15:54:53
Calgary,few clouds,61.45,60.21,59.59,62.51,16.36,15.67,15.33,16.95,1013,62,4.63,2025-06-28 03:55:43,2025-06-27 23:24:15,2025-06-28 15:54:53
Calgary,scattered clouds,60.39,59.13,57.76,61.75,15.77,15.07,14.31,16.53,1012,64,3.6,2025-06-28 02:56:29,2025-06-27 23:24:15,2025-06-28 15:54:53
Calgary,scattered clouds,58.28,56.97,55.35,59.36,14.6,13.87,12.97,15.2,1012,67,3.6,2025-06-28 02:27:09,2025-06-27 23:24:15,2025-06-28 15:54:53
Calgary,scattered clouds,58.28,56.97,55.35,59.36,14.6,13.87,12.97,15.2,1012,67,3.6,2025-06-28 02:27:09,2025-06-27 23:24:15,2025-06-28 15:54:53
Calgary,broken clouds,63.16,62.46,61.16,64.74,17.31,16.92,16.2,18.19,1005,70,5.14,2025-06-27 14:58:23,2025-06-26 23:23:43,2025-06-27 15:55:01
Calgary,broken clouds,66.6,65.77,63.41,68.36,19.22,18.76,17.45,20.2,1004,60,5.66,2025-06-27 13:58:17,2025-06-26 23:23:43,2025-06-27 15:55:01
Calgary,broken clouds,68.54,67.53,65.77,70.65,20.3,19.74,18.76,21.47,1004,52,5.66,2025-06-27 13:31:37,2025-06-26 23:23:43,2025-06-27 15:55:01
Calgary,broken clouds,71.24,70.18,69.66,73.02,21.8,21.21,20.92,22.79,1004,45,2.06,2025-06-27 10:57:08,2025-06-26 23:23:43,2025-06-27 15:55:01
Calgary,broken clouds,69.64,68.65,67.95,71.65,20.91,20.36,19.97,22.03,1005,50,5.14,2025-06-27 09:54:39,2025-06-26 23:23:43,2025-06-27 15:55:01
Calgary,broken clouds,68.81,67.78,66.74,70.03,20.45,19.88,19.3,21.13,1005,51,4.12,2025-06-27 08:56:40,2025-06-26 23:23:43,2025-06-27 15:55:01
Calgary,broken clouds,67.84,66.58,66.42,69.03,19.91,19.21,19.12,20.57,1005,48,3.09,2025-06-27 07:56:38,2025-06-26 23:23:43,2025-06-27 15:55:01
Calgary,broken clouds,67.17,66.07,63.77,69.03,19.54,18.93,17.65,20.57,1005,53,4.63,2025-06-27 06:53:30,2025-06-26 23:23:43,2025-06-27 15:55:01
Calgary,broken clouds,65.3,64.2,61.59,66.51,18.5,17.89,16.44,19.17,1005,57,4.63,2025-06-27 05:56:34,2025-06-26 23:23:43,2025-06-27 15:55:01
Calgary,overcast clouds,63.79,62.73,60.75,65.5,17.66,17.07,15.97,18.61,1005,61,3.6,2025-06-27 04:57:08,2025-06-26 23:23:43,2025-06-27 15:55:01
Calgary,overcast clouds,62.22,61.16,59.59,64.51,16.79,16.2,15.33,18.06,1006,64,0.0,2025-06-27 03:57:24,2025-06-26 23:23:43,2025-06-27 15:55:01
Calgary,overcast clouds,61.79,60.82,59.22,63.64,16.55,16.01,15.12,17.58,1006,67,0.45,2025-06-27 03:34:14,2025-06-26 23:23:43,2025-06-27 15:55:01
Calgary,broken clouds,62.4,61.3,59.41,63.64,16.89,16.28,15.23,17.58,1006,63,4.63,2025-06-25 14:41:23,2025-06-24 23:22:48,2025-06-25 15:55:09
Calgary,broken clouds,62.4,61.3,59.41,63.64,16.89,16.28,15.23,17.58,1006,63,4.63,2025-06-25 14:41:23,2025-06-24 23:22:48,2025-06-25 15:55:09
Calgary,broken clouds,71.02,69.89,69.42,71.96,21.68,21.05,20.79,22.2,1007,44,4.12,2025-06-25 06:56:21,2025-06-24 23:22:48,2025-06-25 15:55:09
Calgary,overcast clouds,71.56,70.48,69.21,73.51,21.98,21.38,20.67,23.06,1008,44,2.24,2025-06-25 06:10:24,2025-06-24 23:22:48,2025-06-25 15:55:09
Calgary,overcast clouds,71.56,70.48,69.21,73.51,21.98,21.38,20.67,23.06,1008,44,2.24,2025-06-25 06:10:24,2025-06-24 23:22:48,2025-06-25 15:55:09
Calgary,overcast clouds,71.56,70.48,69.21,73.51,21.98,21.38,20.67,23.06,1008,44,2.24,2025-06-25 06:10:24,2025-06-24 23:22:48,2025-06-25 15:55:09
Calgary,broken clouds,60.98,59.88,59.65,61.16,16.1,15.49,15.36,16.2,1012,66,3.09,2025-06-24 17:27:52,2025-06-23 23:22:25,2025-06-24 15:55:09
Calgary,broken clouds,60.98,59.22,56.21,63.03,16.1,15.12,13.45,17.24,1013,52,7.72,2025-06-23 05:52:22,2025-06-22 23:22:05,2025-06-23 15:55:05
Calgary,scattered clouds,62.08,59.86,61.59,63.41,16.71,15.48,16.44,17.45,1012,40,1.82,2025-06-23 05:08:09,2025-06-22 23:22:05,2025-06-23 15:55:05
Calgary,few clouds,55.71,53.74,53.55,56.32,13.17,12.08,11.97,13.51,1013,59,4.12,2025-06-23 03:26:18,2025-06-22 23:22:05,2025-06-23 15:55:05
Calgary,few clouds,55.71,53.74,53.55,56.32,13.17,12.08,11.97,13.51,1013,59,4.12,2025-06-23 03:26:18,2025-06-22 23:22:05,2025-06-23 15:55:05
Calgary,overcast clouds,48.07,41.7,46.42,48.74,8.93,5.39,8.01,9.3,1014,75,7.6,2025-06-21 14:57:59,2025-06-20 23:21:32,2025-06-21 15:54:49
Calgary,overcast clouds,48.54,41.34,46.76,49.5,9.19,5.19,8.2,9.72,1013,79,9.77,2025-06-21 13:57:53,2025-06-20 23:21:32,2025-06-21 15:54:49
Calgary,overcast clouds,49.42,41.27,47.59,50.5,9.68,5.15,8.66,10.28,1012,77,13.38,2025-06-21 12:57:31,2025-06-20 23:21:32,2025-06-21 15:54:49
Calgary,overcast clouds,49.59,42.33,48.6,50.5,9.77,5.74,9.22,10.28,1012,77,10.8,2025-06-21 11:58:10,2025-06-20 23:21:32,2025-06-21 15:54:49
Calgary,overcast clouds,48.43,40.42,46.6,50.36,9.13,4.68,8.11,10.2,1011,82,11.83,2025-06-21 10:56:35,2025-06-20 23:21:32,2025-06-21 15:54:49
Calgary,mist,46.45,38.59,44.65,48.42,8.03,3.66,7.03,9.12,1011,91,9.77,2025-06-21 10:00:00,2025-06-20 23:21:32,2025-06-21 15:54:49
Calgary,light rain,44.64,36.18,43.59,45.5,7.02,2.32,6.44,7.5,1011,95,9.77,2025-06-21 08:55:17,2025-06-20 23:21:32,2025-06-21 15:54:49
Calgary,heavy intensity rain,43.88,34.12,42.66,44.96,6.6,1.18,5.92,7.2,1010,95,12.35,2025-06-21 07:56:17,2025-06-20 23:21:32,2025-06-21 15:54:49
Calgary,heavy intensity rain,43.92,33.44,42.58,44.96,6.62,0.8,5.88,7.2,1009,95,14.4,2025-06-21 07:27:56,2025-06-20 23:21:32,2025-06-21 15:54:49
Calgary,heavy intensity rain,43.92,33.44,42.58,44.96,6.62,0.8,5.88,7.2,1009,95,14.4,2025-06-21 07:27:56,2025-06-20 23:21:32,2025-06-21 15:54:49
Calgary,overcast clouds,50.77,49.96,49.21,52.16,10.43,9.98,9.56,11.2,1004,94,3.6,2025-06-20 16:58:21,2025-06-19 23:21:21,2025-06-20 15:54:36
Calgary,mist,50.85,50.05,49.21,52.16,10.47,10.03,9.56,11.2,1005,94,2.57,2025-06-20 15:56:11,2025-06-19 23:21:21,2025-06-20 15:54:36
Calgary,mist,51.49,50.72,49.59,52.95,10.83,10.4,9.77,11.64,1005,93,4.12,2025-06-20 14:56:31,2025-06-19 23:21:21,2025-06-20 15:54:36
Calgary,mist,52.59,51.84,50.65,53.96,11.44,11.02,10.36,12.2,1005,91,2.06,2025-06-20 13:55:09,2025-06-19 23:21:21,2025-06-20 15:54:36
Calgary,overcast clouds,53.71,53.01,51.66,54.95,12.06,11.67,10.92,12.75,1005,90,3.09,2025-06-20 12:54:13,2025-06-19 23:21:21,2025-06-20 15:54:36
Calgary,overcast clouds,54.18,53.53,52.65,54.77,12.32,11.96,11.47,12.65,1005,90,3.09,2025-06-20 11:59:26,2025-06-19 23:21:21,2025-06-20 15:54:36
Calgary,light rain,54.95,54.28,54.01,55.96,12.75,12.38,12.23,13.31,1005,88,3.09,2025-06-20 11:15:02,2025-06-19 23:21:21,2025-06-20 15:54:36
Calgary,mist,54.16,53.51,53.02,55.65,12.31,11.95,11.68,13.14,1005,90,3.6,2025-06-20 09:58:06,2025-06-19 23:21:21,2025-06-20 15:54:36
Calgary,moderate rain,55.4,54.77,53.6,56.32,13.0,12.65,12.0,13.51,1005,88,3.6,2025-06-20 08:54:35,2025-06-19 23:21:21,2025-06-20 15:54:36
Calgary,overcast clouds,56.1,55.45,54.41,57.02,13.39,13.03,12.45,13.9,1006,86,4.63,2025-06-20 07:48:08,2025-06-19 23:21:21,2025-06-20 15:54:36
Calgary,light rain,56.71,55.85,55.42,57.56,13.73,13.25,13.01,14.2,1006,80,2.57,2025-06-20 06:57:44,2025-06-19 23:21:21,2025-06-20 15:54:36
Calgary,overcast clouds,56.61,55.81,55.35,57.56,13.67,13.23,12.97,14.2,1006,82,2.57,2025-06-20 05:58:28,2025-06-19 23:21:21,2025-06-20 15:54:36
Calgary,moderate rain,55.72,54.99,53.76,57.51,13.18,12.77,12.09,14.17,1006,85,4.12,2025-06-20 04:55:47,2025-06-19 23:21:21,2025-06-20 15:54:36
Calgary,overcast clouds,55.8,54.93,54.41,56.95,13.22,12.74,12.45,13.86,1007,82,3.09,2025-06-20 03:55:18,2025-06-19 23:21:21,2025-06-20 15:54:36
Calgary,light rain,55.29,54.43,53.42,56.64,12.94,12.46,11.9,13.69,1007,83,4.12,2025-06-20 02:49:35,2025-06-19 23:21:21,2025-06-20 15:54:36
Calgary,broken clouds,55.38,54.52,53.42,56.64,12.99,12.51,11.9,13.69,1008,83,2.68,2025-06-20 01:55:30,2025-06-19 23:21:21,2025-06-20 15:54:36
Calgary,broken clouds,54.93,54.03,52.16,56.32,12.74,12.24,11.2,13.51,1008,83,2.68,2025-06-20 00:58:52,2025-06-19 23:21:21,2025-06-20 15:54:36
Calgary,broken clouds,54.75,53.83,51.75,56.03,12.64,12.13,10.97,13.35,1008,83,1.79,2025-06-20 00:38:17,2025-06-19 23:21:21,2025-06-20 15:54:36
Calgary,few clouds,67.15,65.82,64.76,68.32,19.53,18.79,18.2,20.18,1012,48,3.09,2025-06-17 04:55:21,2025-06-16 23:21:03,2025-06-17 15:53:40
Calgary,broken clouds,64.54,63.34,62.6,66.02,18.08,17.41,17.0,18.9,1012,56,1.54,2025-06-17 04:00:01,2025-06-16 23:21:03,2025-06-17 15:53:40
Calgary,broken clouds,61.02,59.77,57.56,63.75,16.12,15.43,14.2,17.64,1012,63,2.57,2025-06-17 02:57:54,2025-06-16 23:21:03,2025-06-17 15:53:40
Calgary,broken clouds,61.29,60.08,57.56,63.75,16.27,15.6,14.2,17.64,1012,63,2.57,2025-06-17 02:46:54,2025-06-16 23:21:03,2025-06-17 15:53:40
Calgary,broken clouds,61.29,60.08,57.56,63.75,16.27,15.6,14.2,17.64,1012,63,2.57,2025-06-17 02:46:54,2025-06-16 23:21:03,2025-06-17 15:53:40
Calgary,broken clouds,61.12,59.52,60.66,62.55,16.18,15.29,15.92,16.97,1010,55,1.46,2025-06-16 17:56:27,2025-06-16 23:21:03,2025-06-17 15:53:40
Calgary,broken clouds,63.0,61.48,60.42,63.01,17.22,16.38,15.79,17.23,1010,53,2.42,2025-06-16 16:59:18,2025-06-15 23:21:03,2025-06-16 15:53:16
Calgary,broken clouds,64.42,62.96,64.42,64.42,18.01,17.2,18.01,18.01,1010,51,4.31,2025-06-16 16:00:00,2025-06-15 23:21:03,2025-06-16 15:53:16
Calgary,scattered clouds,69.82,68.61,69.82,69.82,21.01,20.34,21.01,21.01,1009,45,2.89,2025-06-16 14:54:55,2025-06-15 23:21:03,2025-06-16 15:53:16
Calgary,clear sky,73.04,71.74,72.64,73.6,22.8,22.08,22.58,23.11,1009,36,3.25,2025-06-16 13:53:35,2025-06-15 23:21:03,2025-06-16 15:53:16
Calgary,clear sky,74.26,72.95,73.96,75.76,23.48,22.75,23.31,24.31,1009,33,4.03,2025-06-16 12:53:35,2025-06-15 23:21:03,2025-06-16 15:53:16
Calgary,few clouds,76.73,75.51,74.95,78.33,24.85,24.17,23.86,25.74,1009,30,2.68,2025-06-16 11:57:26,2025-06-15 23:21:03,2025-06-16 15:53:16
Calgary,few clouds,76.35,75.09,74.59,77.65,24.64,23.94,23.66,25.36,1010,30,3.58,2025-06-16 11:26:04,2025-06-15 23:21:03,2025-06-16 15:53:16
Calgary,few clouds,76.35,75.09,74.59,77.65,24.64,23.94,23.66,25.36,1010,30,3.58,2025-06-16 11:26:04,2025-06-15 23:21:03,2025-06-16 15:53:16
Calgary,few clouds,75.2,73.98,71.96,77.32,24.0,23.32,22.2,25.18,1011,33,2.68,2025-06-16 08:56:57,2025-06-15 23:21:03,2025-06-16 15:53:16
Calgary,few clouds,74.75,73.62,71.6,76.03,23.75,23.12,22.0,24.46,1012,36,3.58,2025-06-16 08:04:38,2025-06-15 23:21:03,2025-06-16 15:53:16
Calgary,few clouds,71.96,70.83,68.36,74.03,22.2,21.57,20.2,23.35,1012,42,5.14,2025-06-16 06:55:34,2025-06-15 23:21:03,2025-06-16 15:53:16
Calgary,clear sky,69.71,68.5,66.6,71.02,20.95,20.28,19.22,21.68,1013,45,3.58,2025-06-16 05:57:25,2025-06-15 23:21:03,2025-06-16 15:53:16
Calgary,few clouds,66.72,65.3,64.35,68.65,19.29,18.5,17.97,20.36,1014,47,5.14,2025-06-16 05:28:02,2025-06-15 23:21:03,2025-06-16 15:53:16
Calgary,few clouds,66.72,65.3,64.35,68.65,19.29,18.5,17.97,20.36,1014,47,5.14,2025-06-16 05:28:02,2025-06-15 23:21:03,2025-06-16 15:53:16
Calgary,few clouds,46.35,42.3,42.76,48.96,7.97,5.72,5.98,9.42,1017,86,3.6,2025-06-16 00:25:44,2025-06-15 23:21:03,2025-06-16 15:53:16
Calgary,few clouds,46.35,42.3,42.76,48.96,7.97,5.72,5.98,9.42,1017,86,3.6,2025-06-16 00:25:44,2025-06-15 23:21:03,2025-06-16 15:53:16
Calgary,clear sky,46.8,44.73,43.65,48.33,8.22,7.07,6.47,9.07,1016,86,2.06,2025-06-15 22:22:41,2025-06-15 23:21:03,2025-06-16 15:53:16
Calgary,clear sky,47.88,45.99,45.21,49.03,8.82,7.77,7.34,9.46,1017,85,2.06,2025-06-15 21:26:16,2025-06-15 23:21:03,2025-06-16 15:53:16
Calgary,clear sky,50.14,48.67,46.22,52.59,10.08,9.26,7.9,11.44,1017,81,0.89,2025-06-15 20:01:35,2025-06-15 23:21:03,2025-06-16 15:53:16
Calgary,clear sky,51.66,50.18,48.15,52.95,10.92,10.1,8.97,11.64,1018,78,0.89,2025-06-15 18:53:50,2025-06-15 23:21:03,2025-06-16 15:53:16
Calgary,few clouds,52.5,51.03,48.42,53.96,11.39,10.57,9.12,12.2,1017,76,2.57,2025-06-15 18:17:50,2025-06-15 23:21:03,2025-06-16 15:53:16
Calgary,few clouds,52.5,51.03,48.42,53.96,11.39,10.57,9.12,12.2,1017,76,2.57,2025-06-15 18:17:50,2025-06-15 23:21:03,2025-06-16 15:53:16
Calgary,scattered clouds,58.17,56.52,56.21,59.65,14.54,13.62,13.45,15.36,1009,60,6.17,2025-06-13 15:56:45,2025-06-12 23:21:22,2025-06-13 15:51:45
Calgary,broken clouds,61.34,59.76,58.77,62.33,16.3,15.42,14.87,16.85,1007,55,6.26,2025-06-13 14:52:41,2025-06-12 23:21:22,2025-06-13 15:51:45
Calgary,broken clouds,68.36,66.31,67.95,68.36,20.2,19.06,19.97,20.2,1006,30,8.23,2025-06-13 13:55:54,2025-06-12 23:21:22,2025-06-13 15:51:45
Calgary,broken clouds,67.71,65.88,65.59,70.02,19.84,18.82,18.66,21.12,1004,36,11.32,2025-06-13 12:56:16,2025-06-12 23:21:22,2025-06-13 15:51:45
Calgary,broken clouds,66.94,65.07,65.59,68.02,19.41,18.37,18.66,20.01,1004,37,11.32,2025-06-13 12:33:22,2025-06-12 23:21:22,2025-06-13 15:51:45
Calgary,few clouds,72.52,71.2,68.36,74.64,22.51,21.78,20.2,23.69,1005,37,3.09,2025-06-13 07:03:20,2025-06-12 23:21:22,2025-06-13 15:51:45
Calgary,broken clouds,70.07,69.13,68.59,71.65,21.15,20.63,20.33,22.03,1005,50,1.71,2025-06-13 05:52:00,2025-06-12 23:21:22,2025-06-13 15:51:45
Calgary,broken clouds,64.47,63.45,62.96,66.02,18.04,17.47,17.2,18.9,1006,60,2.57,2025-06-13 05:00:05,2025-06-12 23:21:22,2025-06-13 15:51:45
Calgary,broken clouds,64.62,63.79,62.96,66.02,18.12,17.66,17.2,18.9,1006,64,2.57,2025-06-13 04:44:03,2025-06-12 23:21:22,2025-06-13 15:51:45
Calgary,mist,60.21,59.65,59.36,60.75,15.67,15.36,15.2,15.97,1006,79,3.09,2025-06-13 03:58:50,2025-06-12 23:21:22,2025-06-13 15:51:45
Calgary,mist,59.58,59.13,58.21,60.76,15.32,15.07,14.56,15.98,1006,83,3.09,2025-06-13 03:49:08,2025-06-12 23:21:22,2025-06-13 15:51:45
Calgary,mist,58.26,57.78,56.21,59.36,14.59,14.32,13.45,15.2,1006,85,3.09,2025-06-13 03:29:41,2025-06-12 23:21:22,2025-06-13 15:51:45
Calgary,mist,58.26,57.78,56.21,59.36,14.59,14.32,13.45,15.2,1006,85,3.09,2025-06-13 03:29:41,2025-06-12 23:21:22,2025-06-13 15:51:45
Calgary,mist,58.32,57.85,56.21,59.36,14.62,14.36,13.45,15.2,1006,85,3.09,2025-06-13 03:23:35,2025-06-12 23:21:22,2025-06-13 15:51:45
Calgary,overcast clouds,62.44,61.77,59.76,63.03,16.91,16.54,15.42,17.24,1009,72,4.02,2025-06-12 12:08:42,2025-06-11 23:21:34,2025-06-12 15:51:09
Calgary,smoke,62.17,61.32,59.41,62.96,16.76,16.29,15.23,17.2,1012,69,7.2,2025-06-12 08:21:58,2025-06-11 23:21:34,2025-06-12 15:51:09
Calgary,smoke,61.75,60.93,59.41,62.96,16.53,16.07,15.23,17.2,1012,70,7.2,2025-06-12 08:18:25,2025-06-11 23:21:34,2025-06-12 15:51:09
Calgary,smoke,61.02,60.01,59.41,61.16,16.12,15.56,15.23,16.2,1012,68,6.17,2025-06-12 08:06:05,2025-06-11 23:21:34,2025-06-12 15:51:09
Calgary,smoke,61.25,60.28,59.41,62.65,16.25,15.71,15.23,17.03,1012,68,6.17,2025-06-12 08:01:05,2025-06-11 23:21:34,2025-06-12 15:51:09
Calgary,smoke,61.25,60.28,59.41,62.65,16.25,15.71,15.23,17.03,1012,68,6.17,2025-06-12 08:01:05,2025-06-11 23:21:34,2025-06-12 15:51:09
Calgary,smoke,61.32,60.35,59.41,62.65,16.29,15.75,15.23,17.03,1012,68,6.17,2025-06-12 07:46:49,2025-06-11 23:21:34,2025-06-12 15:51:09
Calgary,smoke,61.32,60.35,59.41,62.65,16.29,15.75,15.23,17.03,1012,68,6.17,2025-06-12 07:46:49,2025-06-11 23:21:34,2025-06-12 15:51:09
Calgary,smoke,61.32,60.35,59.41,62.65,16.29,15.75,15.23,17.03,1012,68,6.17,2025-06-12 07:46:49,2025-06-11 23:21:34,2025-06-12 15:51:09
Calgary,smoke,61.32,60.35,59.41,62.65,16.29,15.75,15.23,17.03,1012,68,6.17,2025-06-12 07:46:49,2025-06-11 23:21:34,2025-06-12 15:51:09
Calgary,smoke,61.5,60.46,60.42,62.65,16.39,15.81,15.79,17.03,1012,66,6.17,2025-06-12 07:39:24,2025-06-11 23:21:34,2025-06-12 15:51:09
Calgary,smoke,61.5,60.46,60.42,62.65,16.39,15.81,15.79,17.03,1012,66,6.17,2025-06-12 07:39:24,2025-06-11 23:21:34,2025-06-12 15:51:09
Calgary,smoke,61.02,59.97,60.58,61.41,16.12,15.54,15.88,16.34,1012,67,6.17,2025-06-12 07:23:52,2025-06-11 23:21:34,2025-06-12 15:51:09
Calgary,smoke,61.02,59.97,60.58,61.41,16.12,15.54,15.88,16.34,1012,67,6.17,2025-06-12 07:23:52,2025-06-11 23:21:34,2025-06-12 15:51:09
Calgary,overcast clouds,59.0,57.99,59.0,59.0,15.0,14.44,15.0,15.0,1012,72,3.9,2025-06-12 07:15:09,2025-06-11 23:21:34,2025-06-12 15:51:09
Calgary,smoke,73.31,71.94,70.59,74.5,22.95,22.19,21.44,23.61,1012,34,4.12,2025-06-11 11:56:44,2025-06-10 23:21:49,2025-06-11 15:50:31
Calgary,smoke,71.96,69.98,71.55,71.96,22.2,21.1,21.97,22.2,1012,24,4.63,2025-06-10 14:52:22,2025-06-09 23:22:07,2025-06-10 15:49:50
Calgary,smoke,80.96,79.09,80.55,80.96,27.2,26.16,26.97,27.2,1007,18,4.12,2025-06-09 11:58:31,2025-06-08 23:22:28,2025-06-09 15:49:06
Calgary,clear sky,58.5,56.35,54.75,61.32,14.72,13.53,12.64,16.29,1008,49,3.13,2025-06-08 23:20:02,2025-06-08 23:22:28,2025-06-09 15:49:06
Calgary,broken clouds,76.98,75.65,74.59,78.33,24.99,24.25,23.66,25.74,1002,27,8.75,2025-06-06 12:23:41,2025-06-05 23:23:48,2025-06-06 15:46:40
Calgary,overcast clouds,60.28,58.44,60.21,60.75,15.71,14.69,15.67,15.97,1007,52,0.69,2025-06-06 00:17:59,2025-06-05 23:23:48,2025-06-06 15:46:40
Calgary,few clouds,47.34,45.09,44.76,48.74,8.52,7.27,7.09,9.3,1015,76,2.24,2025-06-05 00:31:01,2025-06-04 23:24:21,2025-06-05 15:45:46
Calgary,broken clouds,61.41,58.77,58.41,62.65,16.34,14.87,14.67,17.03,1014,32,6.17,2025-06-03 11:57:55,2025-06-02 23:25:35,2025-06-03 15:43:52
Calgary,broken clouds,59.77,56.82,58.71,61.41,15.43,13.79,14.84,16.34,1017,29,3.6,2025-06-02 11:55:15,2025-06-01 23:26:16,2025-06-02 15:42:52
Calgary,broken clouds,50.83,48.06,48.15,52.95,10.46,8.92,8.97,11.64,1018,52,5.14,2025-06-02 03:04:34,2025-06-01 23:26:16,2025-06-02 15:42:52
Calgary,few clouds,79.36,79.36,76.71,81.03,26.31,26.31,24.84,27.24,1014,29,6.17,2025-05-30 11:56:12,2025-05-29 23:28:35,2025-05-30 15:39:38
Calgary,scattered clouds,83.17,81.1,80.6,84.72,28.43,27.28,27.0,29.29,1001,27,9.3,2025-05-29 11:57:42,2025-05-28 23:29:27,2025-05-29 15:38:30
Calgary,few clouds,76.5,75.16,74.95,78.75,24.72,23.98,23.86,25.97,1011,28,5.14,2025-05-28 13:52:14,2025-05-27 23:30:22,2025-05-28 15:37:19
Calgary,scattered clouds,72.75,71.47,70.16,74.75,22.64,21.93,21.2,23.75,1016,37,1.03,2025-05-28 04:35:22,2025-05-27 23:30:22,2025-05-28 15:37:19
Calgary,broken clouds,52.21,49.91,50.02,53.74,11.23,9.95,10.01,12.08,1009,59,3.13,2025-05-20 11:52:11,2025-05-19 23:39:07,2025-05-20 15:26:57
Calgary,overcast clouds,55.35,53.55,53.33,58.77,12.97,11.97,11.85,14.87,1004,63,0.89,2025-05-19 12:46:45,2025-05-18 23:40:24,2025-05-19 15:25:33
Calgary,overcast clouds,38.26,36.41,36.41,39.74,3.48,2.45,2.45,4.3,1012,96,1.34,2025-05-19 00:51:10,2025-05-18 23:40:24,2025-05-19 15:25:33
Calgary,overcast clouds,54.79,52.97,51.58,55.51,12.66,11.65,10.88,13.06,1004,64,1.79,2025-05-17 13:34:36,2025-05-16 23:43:02,2025-05-17 15:22:41
Calgary,overcast clouds,53.49,51.87,49.41,54.64,11.94,11.04,9.67,12.58,1007,71,0.89,2025-05-17 05:30:18,2025-05-16 23:43:02,2025-05-17 15:22:41
Calgary,overcast clouds,43.38,41.22,41.41,44.33,6.32,5.12,5.23,6.85,1011,83,1.79,2025-05-16 02:06:51,2025-05-15 23:44:25,2025-05-16 15:21:14
Calgary,overcast clouds,63.28,61.14,61.59,64.65,17.38,16.19,16.44,18.14,1004,39,2.68,2025-05-14 12:02:28,2025-05-13 23:47:16,2025-05-14 15:18:16
Calgary,overcast clouds,56.43,54.54,54.41,57.33,13.57,12.52,12.45,14.07,1006,59,1.79,2025-05-13 11:59:40,2025-05-12 23:48:45,2025-05-13 15:16:45
Calgary,overcast clouds,40.95,36.9,39.6,41.74,4.97,2.72,4.22,5.41,1004,89,2.68,2025-05-12 15:48:10,2025-05-11 23:50:15,2025-05-12 15:15:14
Calgary,overcast clouds,40.95,36.28,39.42,41.74,4.97,2.38,4.12,5.41,1004,88,3.13,2025-05-12 15:41:20,2025-05-11 23:50:15,2025-05-12 15:15:14
Calgary,overcast clouds,49.01,49.01,44.6,49.75,9.45,9.45,7.0,9.86,997,78,0.45,2025-05-12 10:55:38,2025-05-11 23:50:15,2025-05-12 15:15:14
Calgary,overcast clouds,50.67,49.1,48.51,51.75,10.37,9.5,9.17,10.97,996,78,1.34,2025-05-12 09:55:11,2025-05-11 23:50:15,2025-05-12 15:15:14
Calgary,overcast clouds,51.35,49.89,51.03,51.76,10.75,9.94,10.57,10.98,995,79,3.13,2025-05-12 09:16:13,2025-05-11 23:50:15,2025-05-12 15:15:14
Calgary,overcast clouds,51.64,50.45,49.59,53.76,10.91,10.25,9.77,12.09,995,84,1.27,2025-05-12 05:59:43,2025-05-11 23:50:15,2025-05-12 15:15:14
Calgary,overcast clouds,49.1,49.1,47.41,50.76,9.5,9.5,8.56,10.42,996,90,0.79,2025-05-12 04:55:11,2025-05-11 23:50:15,2025-05-12 15:15:14
Calgary,overcast clouds,47.32,47.32,45.77,48.51,8.51,8.51,7.65,9.17,997,93,1.27,2025-05-12 04:00:02,2025-05-11 23:50:15,2025-05-12 15:15:14
Calgary,overcast clouds,46.54,45.34,45.41,47.64,8.08,7.41,7.45,8.69,998,92,1.54,2025-05-12 02:51:08,2025-05-11 23:50:15,2025-05-12 15:15:14
Calgary,overcast clouds,46.15,44.19,44.73,47.03,7.86,6.77,7.07,8.35,998,92,1.92,2025-05-12 01:57:41,2025-05-11 23:50:15,2025-05-12 15:15:14
Calgary,overcast clouds,45.82,43.2,44.42,46.74,7.68,6.22,6.9,8.19,998,92,2.32,2025-05-12 01:05:37,2025-05-11 23:50:15,2025-05-12 15:15:14
Calgary,overcast clouds,45.82,43.2,44.42,46.74,7.68,6.22,6.9,8.19,998,92,2.32,2025-05-12 01:05:37,2025-05-11 23:50:15,2025-05-12 15:15:14
Calgary,overcast clouds,52.7,50.49,49.41,54.01,11.5,10.27,9.67,12.23,1000,60,7.2,2025-05-11 18:43:46,2025-05-11 23:50:15,2025-05-12 15:15:14
Calgary,overcast clouds,61.97,59.41,60.75,62.96,16.65,15.23,15.97,17.2,999,33,1.54,2025-05-11 14:58:33,2025-05-10 23:51:48,2025-05-11 15:13:42
Calgary,overcast clouds,63.55,61.3,61.59,64.65,17.53,16.28,16.44,18.14,999,36,2.06,2025-05-11 14:00:00,2025-05-10 23:51:48,2025-05-11 15:13:42
Calgary,broken clouds,64.29,62.06,62.55,66.42,17.94,16.7,16.97,19.12,999,35,1.54,2025-05-11 12:59:05,2025-05-10 23:51:48,2025-05-11 15:13:42
Calgary,overcast clouds,65.48,63.28,63.59,68.02,18.6,17.38,17.55,20.01,1000,33,2.06,2025-05-11 11:55:54,2025-05-10 23:51:48,2025-05-11 15:13:42
Calgary,broken clouds,64.26,62.02,61.59,66.74,17.92,16.68,16.44,19.3,1001,35,3.6,2025-05-11 10:55:07,2025-05-10 23:51:48,2025-05-11 15:13:42
Calgary,broken clouds,64.2,61.92,61.59,67.41,17.89,16.62,16.44,19.67,1001,34,3.6,2025-05-11 10:32:53,2025-05-10 23:51:48,2025-05-11 15:13:42
Calgary,scattered clouds,57.18,54.57,55.35,59.65,13.99,12.54,12.97,15.36,1005,42,2.06,2025-05-11 03:43:12,2025-05-10 23:51:48,2025-05-11 15:13:42
Calgary,scattered clouds,57.18,54.57,55.35,59.65,13.99,12.54,12.97,15.36,1005,42,2.06,2025-05-11 03:43:12,2025-05-10 23:51:48,2025-05-11 15:13:42
Calgary,overcast clouds,73.08,70.84,70.77,74.01,22.82,21.58,21.54,23.34,1003,16,0.45,2025-05-10 13:23:30,2025-05-09 23:53:22,2025-05-10 15:12:10
Calgary,scattered clouds,44.85,41.68,42.03,48.02,7.14,5.38,5.57,8.9,1014,39,2.57,2025-05-09 21:59:59,2025-05-09 23:53:22,2025-05-10 15:12:10
Calgary,scattered clouds,45.19,42.1,42.66,48.76,7.33,5.61,5.92,9.31,1013,35,2.57,2025-05-09 20:56:54,2025-05-09 23:53:22,2025-05-10 15:12:10
Calgary,few clouds,48.85,45.84,45.5,50.74,9.36,7.69,7.5,10.41,1013,32,3.09,2025-05-09 19:56:22,2025-05-09 23:53:22,2025-05-10 15:12:10
Calgary,few clouds,51.01,47.21,47.41,52.75,10.56,8.45,8.56,11.53,1013,30,1.79,2025-05-09 18:58:06,2025-05-09 23:53:22,2025-05-10 15:12:10
Calgary,few clouds,53.91,50.22,49.95,56.03,12.17,10.12,9.97,13.35,1013,26,2.06,2025-05-09 17:58:15,2025-05-09 23:53:22,2025-05-10 15:12:10
Calgary,overcast clouds,57.09,53.64,53.96,59.59,13.94,12.02,12.2,15.33,1012,24,0.45,2025-05-09 16:56:20,2025-05-08 23:54:58,2025-05-09 15:10:36
Calgary,overcast clouds,60.76,57.52,57.15,62.02,15.98,14.18,13.97,16.68,1013,21,0.45,2025-05-09 15:55:06,2025-05-08 23:54:58,2025-05-09 15:10:36
Calgary,overcast clouds,61.86,58.64,59.76,64.35,16.59,14.8,15.42,17.97,1013,19,3.05,2025-05-09 14:55:34,2025-05-08 23:54:58,2025-05-09 15:10:36
Calgary,overcast clouds,68.45,65.61,64.96,70.16,20.25,18.67,18.31,21.2,1012,13,1.54,2025-05-09 13:57:39,2025-05-08 23:54:58,2025-05-09 15:10:36
Calgary,overcast clouds,70.12,67.44,67.95,72.01,21.18,19.69,19.97,22.23,1013,13,2.24,2025-05-09 12:57:35,2025-05-08 23:54:58,2025-05-09 15:10:36
Calgary,overcast clouds,70.38,68.0,67.71,73.65,21.32,20.0,19.84,23.14,1013,19,5.66,2025-05-09 11:55:27,2025-05-08 23:54:58,2025-05-09 15:10:36
Calgary,overcast clouds,69.12,66.85,66.72,71.02,20.62,19.36,19.29,21.68,1013,24,4.63,2025-05-09 10:53:20,2025-05-08 23:54:58,2025-05-09 15:10:36
Calgary,overcast clouds,69.87,67.64,66.96,71.51,21.04,19.8,19.42,21.95,1015,23,4.63,2025-05-09 10:25:01,2025-05-08 23:54:58,2025-05-09 15:10:36
Calgary,overcast clouds,66.52,64.09,62.55,68.02,19.18,17.83,16.97,20.01,1016,26,5.66,2025-05-09 07:54:33,2025-05-08 23:54:58,2025-05-09 15:10:36
Calgary,overcast clouds,62.85,60.3,59.36,64.74,17.14,15.72,15.2,18.19,1018,31,8.23,2025-05-09 06:55:05,2025-05-08 23:54:58,2025-05-09 15:10:36
Calgary,overcast clouds,60.26,57.58,57.56,61.75,15.7,14.21,14.2,16.53,1019,34,9.26,2025-05-09 05:59:17,2025-05-08 23:54:58,2025-05-09 15:10:36
Calgary,overcast clouds,57.18,54.25,55.42,58.64,13.99,12.36,13.01,14.8,1020,35,1.34,2025-05-09 04:47:35,2025-05-08 23:54:58,2025-05-09 15:10:36
Calgary,overcast clouds,54.46,51.44,51.75,55.65,12.48,10.8,10.97,13.14,1021,39,1.34,2025-05-09 03:56:15,2025-05-08 23:54:58,2025-05-09 15:10:36
Calgary,overcast clouds,50.04,46.85,48.56,51.51,10.02,8.25,9.2,10.84,1023,45,4.63,2025-05-09 02:52:07,2025-05-08 23:54:58,2025-05-09 15:10:36
Calgary,overcast clouds,47.64,42.62,46.65,48.56,8.69,5.9,8.14,9.2,1023,49,5.14,2025-05-09 01:57:36,2025-05-08 23:54:58,2025-05-09 15:10:36
Calgary,overcast clouds,47.59,42.55,46.65,48.96,8.66,5.86,8.14,9.42,1023,49,5.14,2025-05-09 01:47:05,2025-05-08 23:54:58,2025-05-09 15:10:36
Calgary,overcast clouds,47.59,42.55,46.65,48.96,8.66,5.86,8.14,9.42,1023,49,5.14,2025-05-09 01:47:05,2025-05-08 23:54:58,2025-05-09 15:10:36
Calgary,overcast clouds,52.93,49.86,51.42,53.96,11.63,9.92,10.79,12.2,1021,41,7.2,2025-05-08 14:57:55,2025-05-07 23:56:36,2025-05-08 15:09:03
Calgary,overcast clouds,54.9,52.02,52.59,56.64,12.72,11.12,11.44,13.69,1020,41,9.26,2025-05-08 13:55:25,2025-05-07 23:56:36,2025-05-08 15:09:03
Calgary,scattered clouds,56.88,54.05,54.59,58.64,13.82,12.25,12.55,14.8,1019,38,6.69,2025-05-08 12:59:56,2025-05-07 23:56:36,2025-05-08 15:09:03
Calgary,scattered clouds,58.17,55.53,56.41,59.65,14.54,13.07,13.56,15.36,1018,39,8.23,2025-05-08 11:51:50,2025-05-07 23:56:36,2025-05-08 15:09:03
Calgary,few clouds,58.28,55.6,55.42,60.03,14.6,13.11,13.01,15.57,1017,38,7.2,2025-05-08 10:53:48,2025-05-07 23:56:36,2025-05-08 15:09:03
Calgary,scattered clouds,57.74,55.15,55.6,58.32,14.3,12.86,13.11,14.62,1016,41,6.69,2025-05-08 09:58:24,2025-05-07 23:56:36,2025-05-08 15:09:03
Calgary,broken clouds,57.58,54.97,55.42,58.32,14.21,12.76,13.01,14.62,1016,41,9.77,2025-05-08 08:58:28,2025-05-07 23:56:36,2025-05-08 15:09:03
Calgary,dust,54.7,52.3,52.16,57.76,12.61,11.28,11.2,14.31,1016,52,9.77,2025-05-08 07:55:43,2025-05-07 23:56:36,2025-05-08 15:09:03
Calgary,broken clouds,53.6,51.44,48.42,53.6,12.0,10.8,9.12,12.0,1015,59,9.86,2025-05-08 06:57:26,2025-05-07 23:56:36,2025-05-08 15:09:03
Calgary,broken clouds,59.47,57.0,57.02,63.75,15.26,13.89,13.9,17.64,1012,40,5.66,2025-05-08 05:54:28,2025-05-07 23:56:36,2025-05-08 15:09:03
Calgary,clear sky,57.99,55.8,56.71,60.03,14.44,13.22,13.73,15.57,1011,49,4.92,2025-05-08 05:00:09,2025-05-07 23:56:36,2025-05-08 15:09:03
Calgary,clear sky,56.5,54.28,52.77,57.65,13.61,12.38,11.54,14.25,1011,52,4.47,2025-05-08 03:53:54,2025-05-07 23:56:36,2025-05-08 15:09:03
Calgary,broken clouds,52.36,50.07,49.41,53.55,11.31,10.04,9.67,11.97,1010,59,2.57,2025-05-08 02:59:34,2025-05-07 23:56:36,2025-05-08 15:09:03
Calgary,broken clouds,50.83,48.58,48.15,52.75,10.46,9.21,8.97,11.53,1009,63,4.12,2025-05-08 01:55:59,2025-05-07 23:56:36,2025-05-08 15:09:03
Calgary,broken clouds,50.29,48.07,47.41,52.75,10.16,8.93,8.56,11.53,1009,65,4.47,2025-05-08 01:34:30,2025-05-07 23:56:36,2025-05-08 15:09:03
Calgary,broken clouds,48.49,42.44,46.51,49.95,9.16,5.8,8.06,9.97,1007,65,7.2,2025-05-08 00:39:57,2025-05-07 23:56:36,2025-05-08 15:09:03
Calgary,broken clouds,46.24,41.67,43.02,49.32,7.91,5.37,6.12,9.62,1007,64,4.12,2025-05-07 01:39:54,2025-05-06 23:58:15,2025-05-07 15:07:28
Calgary,few clouds,66.06,63.63,64.02,68.02,18.92,17.57,17.79,20.01,1017,27,7.72,2025-05-06 09:00:02,2025-05-05 23:59:56,2025-05-06 15:05:53
Calgary,broken clouds,69.37,67.14,67.59,71.02,20.76,19.52,19.77,21.68,1011,24,5.14,2025-05-01 12:00:02,2025-05-01 00:08:45,2025-05-01 14:57:52
Calgary,broken clouds,58.57,55.67,57.56,59.74,14.76,13.15,14.2,15.41,1012,33,2.24,2025-04-30 11:58:12,2025-04-30 00:10:35,2025-04-30 14:56:14
Calgary,broken clouds,52.86,49.82,49.95,55.74,11.59,9.9,9.97,13.19,1013,42,2.24,2025-04-30 05:56:59,2025-04-30 00:10:35,2025-04-30 14:56:14
Calgary,overcast clouds,47.75,47.75,47.64,49.95,8.75,8.75,8.69,9.97,1005,55,1.03,2025-04-29 01:02:38,2025-04-29 00:12:26,2025-04-29 14:54:37
Calgary,overcast clouds,41.88,35.38,41.02,42.66,5.49,1.88,5.01,5.92,1016,64,5.14,2025-04-27 11:55:48,2025-04-27 00:16:13,2025-04-27 14:51:21
Calgary,few clouds,55.58,52.39,53.55,56.64,13.1,11.33,11.97,13.69,1008,33,6.17,2025-04-25 15:22:36,2025-04-25 00:20:04,2025-04-25 14:48:05
Calgary,scattered clouds,56.66,53.38,53.96,58.03,13.7,11.88,12.2,14.46,1020,29,5.14,2025-04-24 06:56:50,2025-04-24 00:22:02,2025-04-24 14:46:27
Calgary,clear sky,54.7,51.37,51.73,56.64,12.61,10.76,10.96,13.69,1020,32,3.13,2025-04-24 05:56:57,2025-04-24 00:22:02,2025-04-24 14:46:27
Calgary,clear sky,52.56,49.3,49.71,54.64,11.42,9.61,9.84,12.58,1021,38,2.68,2025-04-24 04:59:15,2025-04-24 00:22:02,2025-04-24 14:46:27
Calgary,clear sky,46.8,43.23,42.73,50.76,8.22,6.24,5.96,10.42,1021,47,3.21,2025-04-24 03:59:36,2025-04-24 00:22:02,2025-04-24 14:46:27
Calgary,clear sky,41.25,38.77,39.42,43.65,5.14,3.76,4.12,6.47,1022,58,1.79,2025-04-24 02:52:23,2025-04-24 00:22:02,2025-04-24 14:46:27
Calgary,few clouds,34.59,32.25,30.56,38.64,1.44,0.14,-0.8,3.69,1022,72,1.34,2025-04-24 01:54:03,2025-04-24 00:22:02,2025-04-24 14:46:27
Calgary,few clouds,31.06,31.06,28.76,32.74,-0.52,-0.52,-1.8,0.41,1022,73,0.45,2025-04-24 00:58:29,2025-04-24 00:22:02,2025-04-24 14:46:27
Calgary,few clouds,32.31,32.31,28.76,36.01,0.17,0.17,-1.8,2.23,1022,77,0.45,2025-04-24 00:43:39,2025-04-24 00:22:02,2025-04-24 14:46:27
Calgary,few clouds,32.31,32.31,28.76,36.01,0.17,0.17,-1.8,2.23,1022,77,0.45,2025-04-24 00:41:45,2025-04-24 00:22:02,2025-04-24 14:46:27
Calgary,broken clouds,49.14,44.49,47.59,50.5,9.52,6.94,8.66,10.28,1017,36,5.14,2025-04-23 13:55:27,2025-04-23 00:24:01,2025-04-23 14:44:48
Calgary,broken clouds,49.48,44.91,48.42,50.76,9.71,7.17,9.12,10.42,1017,36,5.14,2025-04-23 13:39:27,2025-04-23 00:24:01,2025-04-23 14:44:48
Calgary,broken clouds,52.92,49.64,49.71,55.33,11.62,9.8,9.84,12.96,1016,37,2.24,2025-04-23 10:24:18,2025-04-23 00:24:01,2025-04-23 14:44:48
Calgary,broken clouds,48.47,48.47,45.77,50.95,9.15,9.15,7.65,10.53,1017,36,1.03,2025-04-23 06:56:59,2025-04-23 00:24:01,2025-04-23 14:44:48
Calgary,scattered clouds,47.79,44.04,45.59,50.65,8.77,6.69,7.55,10.36,1017,35,3.6,2025-04-23 05:54:09,2025-04-23 00:24:01,2025-04-23 14:44:48
Calgary,few clouds,47.75,43.54,44.96,50.02,8.75,6.41,7.2,10.01,1017,39,4.12,2025-04-23 04:52:46,2025-04-23 00:24:01,2025-04-23 14:44:48
Calgary,few clouds,44.42,41.02,40.95,45.5,6.9,5.01,4.97,7.5,1018,44,2.68,2025-04-23 03:53:46,2025-04-23 00:24:01,2025-04-23 14:44:48
Calgary,few clouds,39.09,39.09,35.55,41.32,3.94,3.94,1.97,5.18,1019,56,0.89,2025-04-23 02:52:44,2025-04-23 00:24:01,2025-04-23 14:44:48
Calgary,clear sky,33.73,30.07,32.32,35.74,0.96,-1.07,0.18,2.08,1019,69,1.79,2025-04-23 01:49:15,2025-04-23 00:24:01,2025-04-23 14:44:48
Calgary,clear sky,33.73,30.07,32.32,35.74,0.96,-1.07,0.18,2.08,1019,69,1.79,2025-04-23 01:49:15,2025-04-23 00:24:01,2025-04-23 14:44:48
Calgary,overcast clouds,35.85,31.95,33.75,36.95,2.14,-0.03,0.97,2.75,1014,83,2.06,2025-04-20 18:20:55,2025-04-21 00:28:01,2025-04-21 14:41:31
Calgary,overcast clouds,35.85,31.95,33.75,36.95,2.14,-0.03,0.97,2.75,1014,83,2.06,2025-04-20 18:20:55,2025-04-21 00:28:01,2025-04-21 14:41:31
Calgary,broken clouds,37.87,32.63,36.59,38.95,3.26,0.35,2.55,3.86,1015,76,3.09,2025-04-20 14:56:47,2025-04-20 00:30:03,2025-04-20 14:39:53
Calgary,broken clouds,39.33,34.38,37.6,40.03,4.07,1.32,3.11,4.46,1013,73,3.09,2025-04-20 14:04:36,2025-04-20 00:30:03,2025-04-20 14:39:53
Calgary,broken clouds,39.33,34.38,37.6,40.03,4.07,1.32,3.11,4.46,1013,73,3.09,2025-04-20 14:04:36,2025-04-20 00:30:03,2025-04-20 14:39:53
Calgary,broken clouds,39.33,34.38,37.6,40.03,4.07,1.32,3.11,4.46,1013,73,3.09,2025-04-20 14:04:36,2025-04-20 00:30:03,2025-04-20 14:39:53
Calgary,scattered clouds,46.58,40.59,43.59,48.56,8.1,4.77,6.44,9.2,1012,67,6.17,2025-04-19 14:59:15,2025-04-19 00:32:06,2025-04-19 14:38:14
Calgary,scattered clouds,52.16,49.8,52.16,53.55,11.2,9.89,11.2,11.97,1011,58,5.66,2025-04-19 13:54:46,2025-04-19 00:32:06,2025-04-19 14:38:14
Calgary,scattered clouds,52.16,49.8,52.16,55.35,11.2,9.89,11.2,12.97,1011,58,4.63,2025-04-19 12:56:20,2025-04-19 00:32:06,2025-04-19 14:38:14
Calgary,overcast clouds,48.65,45.77,48.65,48.65,9.25,7.65,9.25,9.25,1011,67,2.93,2025-04-19 12:12:07,2025-04-19 00:32:06,2025-04-19 14:38:14
Calgary,overcast clouds,46.72,41.85,43.77,46.76,8.18,5.47,6.54,8.2,1012,61,4.63,2025-04-19 07:57:36,2025-04-19 00:32:06,2025-04-19 14:38:14
Calgary,overcast clouds,46.76,41.14,46.76,48.15,8.2,5.08,8.2,8.97,1012,61,5.66,2025-04-19 06:58:44,2025-04-19 00:32:06,2025-04-19 14:38:14
Calgary,overcast clouds,46.76,41.14,46.76,49.95,8.2,5.08,8.2,9.97,1012,61,5.66,2025-04-19 05:56:15,2025-04-19 00:32:06,2025-04-19 14:38:14
Calgary,overcast clouds,44.96,38.88,44.96,49.95,7.2,3.82,7.2,9.97,1012,65,5.66,2025-04-19 05:46:58,2025-04-19 00:32:06,2025-04-19 14:38:14
Calgary,clear sky,31.37,31.37,28.35,34.75,-0.35,-0.35,-2.03,1.53,1021,54,0.0,2025-04-17 18:57:05,2025-04-18 00:34:10,2025-04-18 14:36:36
Calgary,few clouds,32.7,32.7,29.5,35.02,0.39,0.39,-1.39,1.68,1021,52,0.0,2025-04-17 17:59:49,2025-04-18 00:34:10,2025-04-18 14:36:36
Calgary,broken clouds,33.01,33.01,30.51,36.72,0.56,0.56,-0.83,2.62,1021,50,0.13,2025-04-17 16:58:59,2025-04-17 00:36:15,2025-04-17 14:34:57
Calgary,few clouds,35.94,33.22,33.66,38.59,2.19,0.68,0.92,3.66,1020,45,1.54,2025-04-17 15:59:57,2025-04-17 00:36:15,2025-04-17 14:34:57
Calgary,few clouds,40.48,33.64,37.65,41.36,4.71,0.91,3.14,5.2,1020,38,5.14,2025-04-17 14:57:23,2025-04-17 00:36:15,2025-04-17 14:34:57
Calgary,few clouds,43.59,37.96,41.95,44.96,6.44,3.31,5.53,7.2,1019,34,4.63,2025-04-17 13:59:07,2025-04-17 00:36:15,2025-04-17 14:34:57
Calgary,broken clouds,44.31,38.44,42.58,45.5,6.84,3.58,5.88,7.5,1019,33,5.14,2025-04-17 13:00:11,2025-04-17 00:36:15,2025-04-17 14:34:57
Calgary,broken clouds,44.73,36.77,42.58,46.65,7.07,2.65,5.88,8.14,1018,34,8.75,2025-04-17 11:59:14,2025-04-17 00:36:15,2025-04-17 14:34:57
Calgary,broken clouds,43.54,35.76,41.72,44.65,6.41,2.09,5.4,7.03,1018,38,7.72,2025-04-17 10:50:45,2025-04-17 00:36:15,2025-04-17 14:34:57
Calgary,broken clouds,42.51,34.43,40.59,44.74,5.84,1.35,4.77,7.08,1019,42,7.72,2025-04-17 09:56:26,2025-04-17 00:36:15,2025-04-17 14:34:57
Calgary,broken clouds,41.2,32.43,38.41,42.96,5.11,0.24,3.56,6.09,1019,43,8.23,2025-04-17 08:54:04,2025-04-17 00:36:15,2025-04-17 14:34:57
Calgary,broken clouds,41.27,32.83,38.59,44.02,5.15,0.46,3.66,6.68,1020,52,7.72,2025-04-17 07:58:23,2025-04-17 00:36:15,2025-04-17 14:34:57
Calgary,broken clouds,39.61,30.69,37.42,42.03,4.23,-0.73,3.01,5.57,1020,57,7.72,2025-04-17 06:59:48,2025-04-17 00:36:15,2025-04-17 14:34:57
Calgary,broken clouds,37.45,27.25,35.42,39.65,3.03,-2.64,1.9,4.25,1020,61,8.75,2025-04-17 05:58:35,2025-04-17 00:36:15,2025-04-17 14:34:57
Calgary,overcast clouds,35.51,26.51,33.73,37.65,1.95,-3.05,0.96,3.14,1020,59,6.17,2025-04-17 04:55:41,2025-04-17 00:36:15,2025-04-17 14:34:57
Calgary,broken clouds,34.92,25.75,32.59,36.95,1.62,-3.47,0.33,2.75,1020,55,6.17,2025-04-17 03:59:05,2025-04-17 00:36:15,2025-04-17 14:34:57
Calgary,scattered clouds,34.61,26.28,32.59,36.75,1.45,-3.18,0.33,2.64,1020,51,5.14,2025-04-17 02:58:43,2025-04-17 00:36:15,2025-04-17 14:34:57
Calgary,few clouds,33.94,27.18,31.41,35.6,1.08,-2.68,-0.33,2.0,1019,52,3.6,2025-04-17 01:53:30,2025-04-17 00:36:15,2025-04-17 14:34:57
Calgary,few clouds,31.8,24.57,28.72,34.59,-0.11,-4.13,-1.82,1.44,1018,50,3.6,2025-04-17 01:19:20,2025-04-17 00:36:15,2025-04-17 14:34:57
Calgary,scattered clouds,31.32,24.01,28.72,33.75,-0.38,-4.44,-1.82,0.97,1019,52,3.58,2025-04-17 00:41:17,2025-04-17 00:36:15,2025-04-17 14:34:57
Calgary,broken clouds,33.01,28.26,30.72,35.02,0.56,-2.08,-0.71,1.68,1018,49,2.24,2025-04-16 20:12:47,2025-04-17 00:36:15,2025-04-17 14:34:57
Calgary,few clouds,33.12,26.91,30.72,35.02,0.62,-2.83,-0.71,1.68,1018,48,3.09,2025-04-16 20:05:51,2025-04-17 00:36:15,2025-04-17 14:34:57
Calgary,broken clouds,41.76,31.89,40.41,42.96,5.42,-0.06,4.67,6.09,1017,34,10.8,2025-04-16 10:00:00,2025-04-16 00:38:20,2025-04-16 14:33:19
Calgary,broken clouds,41.58,32.94,39.72,43.95,5.32,0.52,4.29,6.64,1017,35,8.23,2025-04-16 09:00:04,2025-04-16 00:38:20,2025-04-16 14:33:19
Calgary,broken clouds,41.56,31.41,39.15,42.96,5.31,-0.33,3.97,6.09,1017,36,11.32,2025-04-16 07:56:42,2025-04-16 00:38:20,2025-04-16 14:33:19
Calgary,broken clouds,41.09,32.02,38.59,43.95,5.05,0.01,3.66,6.64,1017,36,8.75,2025-04-16 06:55:32,2025-04-16 00:38:20,2025-04-16 14:33:19
Calgary,broken clouds,40.48,30.69,38.71,42.03,4.71,-0.73,3.73,5.57,1018,46,9.77,2025-04-16 05:50:18,2025-04-16 00:38:20,2025-04-16 14:33:19
Calgary,broken clouds,40.06,30.13,37.35,42.03,4.48,-1.04,2.97,5.57,1018,47,9.77,2025-04-16 05:40:08,2025-04-16 00:38:20,2025-04-16 14:33:19
Calgary,broken clouds,40.06,30.13,37.35,42.03,4.48,-1.04,2.97,5.57,1018,47,9.77,2025-04-16 05:40:08,2025-04-16 00:38:20,2025-04-16 14:33:19
Calgary,broken clouds,39.92,29.95,37.35,42.03,4.4,-1.14,2.97,5.57,1018,48,9.77,2025-04-16 05:39:18,2025-04-16 00:38:20,2025-04-16 14:33:19
Calgary,broken clouds,40.05,31.24,37.6,41.36,4.47,-0.42,3.11,5.2,1014,76,7.72,2025-04-15 18:01:44,2025-04-16 00:38:20,2025-04-16 14:33:19
Calgary,broken clouds,64.29,61.32,63.75,65.64,17.94,16.29,17.64,18.69,1005,19,9.26,2025-04-15 11:53:39,2025-04-15 00:40:27,2025-04-15 14:31:40
Calgary,broken clouds,64.29,61.32,63.75,65.64,17.94,16.29,17.64,18.69,1005,19,9.26,2025-04-15 11:53:39,2025-04-15 00:40:27,2025-04-15 14:31:40
Calgary,broken clouds,63.81,61.02,63.59,64.35,17.67,16.12,17.55,17.97,1006,24,3.54,2025-04-15 10:00:00,2025-04-15 00:40:27,2025-04-15 14:31:40
Calgary,broken clouds,62.74,60.75,61.59,64.35,17.08,15.97,16.44,17.97,1006,43,4.12,2025-04-15 09:03:08,2025-04-15 00:40:27,2025-04-15 14:31:40
Calgary,scattered clouds,61.36,58.69,59.36,63.01,16.31,14.83,15.2,17.23,1008,32,3.6,2025-04-15 07:52:57,2025-04-15 00:40:27,2025-04-15 14:31:40
Calgary,scattered clouds,60.06,57.22,57.6,61.5,15.59,14.01,14.22,16.39,1009,31,4.63,2025-04-15 06:58:07,2025-04-15 00:40:27,2025-04-15 14:31:40
Calgary,scattered clouds,58.86,55.9,56.59,59.76,14.92,13.28,13.66,15.42,1009,31,4.63,2025-04-15 06:41:21,2025-04-15 00:40:27,2025-04-15 14:31:40
Calgary,broken clouds,53.29,50.11,51.73,55.42,11.83,10.06,10.96,13.01,1011,38,3.09,2025-04-15 03:56:11,2025-04-15 00:40:27,2025-04-15 14:31:40
Calgary,broken clouds,53.29,50.11,51.73,55.42,11.83,10.06,10.96,13.01,1011,38,3.09,2025-04-15 03:56:11,2025-04-15 00:40:27,2025-04-15 14:31:40
Calgary,overcast clouds,46.33,42.04,45.41,47.01,7.96,5.58,7.45,8.34,1011,46,3.83,2025-04-15 02:15:33,2025-04-15 00:40:27,2025-04-15 14:31:40
Calgary,overcast clouds,46.33,42.04,45.41,47.01,7.96,5.58,7.45,8.34,1011,46,3.83,2025-04-15 02:15:33,2025-04-15 00:40:27,2025-04-15 14:31:40
Calgary,broken clouds,52.57,48.79,51.73,54.41,11.43,9.33,10.96,12.45,1020,27,2.57,2025-04-14 06:51:52,2025-04-14 00:42:34,2025-04-14 14:30:02
Calgary,broken clouds,52.84,49.1,51.73,54.5,11.58,9.5,10.96,12.5,1020,27,2.57,2025-04-14 06:46:11,2025-04-14 00:42:34,2025-04-14 14:30:02
Calgary,broken clouds,53.38,49.69,51.73,55.33,11.88,9.83,10.96,12.96,1020,27,3.13,2025-04-14 06:37:51,2025-04-14 00:42:34,2025-04-14 14:30:02
Calgary,broken clouds,37.54,32.18,34.02,39.6,3.08,0.1,1.12,4.22,1024,43,3.13,2025-04-13 17:58:49,2025-04-14 00:42:34,2025-04-14 14:30:02
Calgary,broken clouds,38.14,34.61,35.65,40.03,3.41,1.45,2.03,4.46,1024,42,2.06,2025-04-13 16:58:55,2025-04-13 00:44:42,2025-04-13 14:28:24
Calgary,broken clouds,38.39,34.9,36.01,40.71,3.55,1.61,2.23,4.84,1024,42,2.06,2025-04-13 16:35:04,2025-04-13 00:44:42,2025-04-13 14:28:24
Calgary,overcast clouds,44.1,44.1,42.51,46.35,6.72,6.72,5.84,7.97,1022,33,0.89,2025-04-13 14:59:21,2025-04-13 00:44:42,2025-04-13 14:28:24
Calgary,broken clouds,46.45,42.42,44.96,47.01,8.03,5.79,7.2,8.34,1022,29,3.6,2025-04-13 13:57:53,2025-04-13 00:44:42,2025-04-13 14:28:24
Calgary,broken clouds,46.78,42.82,45.59,47.64,8.21,6.01,7.55,8.69,1021,28,3.6,2025-04-13 13:29:14,2025-04-13 00:44:42,2025-04-13 14:28:24
Calgary,broken clouds,47.23,43.38,43.77,48.96,8.46,6.32,6.54,9.42,1021,31,3.6,2025-04-13 09:18:48,2025-04-13 00:44:42,2025-04-13 14:28:24
Calgary,broken clouds,47.23,43.38,43.77,48.96,8.46,6.32,6.54,9.42,1021,31,3.6,2025-04-13 09:18:48,2025-04-13 00:44:42,2025-04-13 14:28:24
Calgary,broken clouds,33.6,25.54,32.02,34.95,0.89,-3.59,0.01,1.64,1018,88,4.63,2025-04-12 14:57:18,2025-04-12 00:46:50,2025-04-12 14:26:45
Calgary,broken clouds,33.17,25.0,32.02,34.16,0.65,-3.89,0.01,1.2,1016,92,4.63,2025-04-12 13:57:35,2025-04-12 00:46:50,2025-04-12 14:26:45
Calgary,heavy shower snow,32.76,20.79,31.41,33.96,0.42,-6.23,-0.33,1.09,1015,92,9.26,2025-04-12 12:55:07,2025-04-12 00:46:50,2025-04-12 14:26:45
Calgary,heavy shower snow,33.03,21.79,31.41,34.65,0.57,-5.67,-0.33,1.47,1012,91,8.23,2025-04-12 12:21:54,2025-04-12 00:46:50,2025-04-12 14:26:45
Calgary,light shower snow,34.0,22.73,32.41,35.02,1.11,-5.15,0.23,1.68,1014,89,8.75,2025-04-12 12:00:00,2025-04-12 00:46:50,2025-04-12 14:26:45
Calgary,light shower snow,34.18,22.96,32.41,35.65,1.21,-5.02,0.23,2.03,1014,88,8.75,2025-04-12 11:47:18,2025-04-12 00:46:50,2025-04-12 14:26:45
Calgary,clear sky,46.33,42.6,43.77,47.64,7.96,5.89,6.54,8.69,1012,30,3.28,2025-04-11 15:56:14,2025-04-11 00:49:00,2025-04-11 14:25:07
Calgary,few clouds,60.33,57.38,57.6,62.02,15.74,14.1,14.22,16.68,1008,28,10.29,2025-04-11 12:00:00,2025-04-11 00:49:00,2025-04-11 14:25:07
Calgary,scattered clouds,60.94,58.15,58.77,62.65,16.08,14.53,14.87,17.03,1008,30,8.94,2025-04-11 11:13:57,2025-04-11 00:49:00,2025-04-11 14:25:07
Calgary,scattered clouds,60.75,57.94,58.59,62.51,15.97,14.41,14.77,16.95,1008,30,5.81,2025-04-11 10:50:49,2025-04-11 00:49:00,2025-04-11 14:25:07
Calgary,scattered clouds,60.98,58.19,59.72,62.65,16.1,14.55,15.4,17.03,1009,30,8.23,2025-04-11 09:55:31,2025-04-11 00:49:00,2025-04-11 14:25:07
Calgary,scattered clouds,60.98,58.19,58.77,62.65,16.1,14.55,14.87,17.03,1009,30,8.23,2025-04-11 09:52:46,2025-04-11 00:49:00,2025-04-11 14:25:07
Calgary,scattered clouds,60.48,57.34,58.59,62.51,15.82,14.08,14.77,16.95,1009,24,6.69,2025-04-11 07:58:57,2025-04-11 00:49:00,2025-04-11 14:25:07
Calgary,scattered clouds,59.92,56.55,58.59,61.41,15.51,13.64,14.77,16.34,1009,20,6.69,2025-04-11 07:45:51,2025-04-11 00:49:00,2025-04-11 14:25:07
Calgary,few clouds,56.23,52.92,53.96,58.75,13.46,11.62,12.2,14.86,1009,29,10.29,2025-04-11 04:51:39,2025-04-11 00:49:00,2025-04-11 14:25:07
Calgary,few clouds,53.98,50.67,51.75,55.76,12.21,10.37,10.97,13.2,1009,34,6.26,2025-04-11 03:49:21,2025-04-11 00:49:00,2025-04-11 14:25:07
Calgary,clear sky,52.39,49.17,49.5,53.96,11.33,9.54,9.72,12.2,1009,39,2.68,2025-04-11 02:59:39,2025-04-11 00:49:00,2025-04-11 14:25:07
Calgary,few clouds,48.11,44.44,44.96,50.32,8.95,6.91,7.2,10.18,1009,41,3.6,2025-04-11 01:58:38,2025-04-11 00:49:00,2025-04-11 14:25:07
Calgary,clear sky,45.57,43.02,42.42,47.32,7.54,6.12,5.79,8.51,1008,47,2.24,2025-04-11 00:58:27,2025-04-11 00:49:00,2025-04-11 14:25:07
Calgary,clear sky,45.36,40.28,42.75,46.65,7.42,4.6,5.97,8.14,1008,49,4.47,2025-04-11 00:45:31,2025-04-11 00:49:00,2025-04-11 14:25:07
Calgary,few clouds,49.93,45.63,47.01,51.76,9.96,7.57,8.34,10.98,1006,55,4.92,2025-04-10 21:56:49,2025-04-11 00:49:00,2025-04-11 14:25:07
Calgary,scattered clouds,50.18,47.3,48.15,51.03,10.1,8.5,8.97,10.57,1005,51,10.37,2025-04-10 20:55:45,2025-04-11 00:49:00,2025-04-11 14:25:07
Calgary,clear sky,50.59,47.57,47.41,51.75,10.33,8.65,8.56,10.97,1005,47,3.09,2025-04-10 19:58:24,2025-04-11 00:49:00,2025-04-11 14:25:07
Calgary,clear sky,49.87,47.64,46.42,53.65,9.93,8.69,8.01,12.03,1006,48,2.57,2025-04-10 18:56:08,2025-04-11 00:49:00,2025-04-11 14:25:07
Calgary,few clouds,51.03,47.98,48.76,52.72,10.57,8.88,9.31,11.51,1007,46,4.63,2025-04-10 18:00:03,2025-04-11 00:49:00,2025-04-11 14:25:07
Calgary,few clouds,52.81,49.77,48.76,54.64,11.56,9.87,9.31,12.58,1008,42,4.63,2025-04-10 16:54:11,2025-04-10 00:51:10,2025-04-10 14:23:29
Calgary,scattered clouds,55.02,52.02,51.96,56.01,12.79,11.12,11.09,13.34,1008,38,4.63,2025-04-10 15:58:11,2025-04-10 00:51:10,2025-04-10 14:23:29
Calgary,overcast clouds,57.74,54.91,55.42,59.02,14.3,12.73,13.01,15.01,1009,36,1.79,2025-04-10 14:56:38,2025-04-10 00:51:10,2025-04-10 14:23:29
Calgary,overcast clouds,60.13,58.24,58.01,62.96,15.63,14.58,14.45,17.2,1009,51,5.66,2025-04-10 13:56:58,2025-04-10 00:51:10,2025-04-10 14:23:29
Calgary,overcast clouds,62.8,60.01,60.42,64.65,17.11,15.56,15.79,18.14,1014,26,7.72,2025-04-10 10:21:41,2025-04-10 00:51:10,2025-04-10 14:23:29
Calgary,broken clouds,58.17,55.0,56.59,59.5,14.54,12.78,13.66,15.28,1017,28,2.24,2025-04-10 07:58:51,2025-04-10 00:51:10,2025-04-10 14:23:29
Calgary,broken clouds,58.59,55.42,56.59,60.33,14.77,13.01,13.66,15.74,1017,27,4.47,2025-04-10 07:49:50,2025-04-10 00:51:10,2025-04-10 14:23:29
Calgary,broken clouds,58.75,55.6,56.71,59.74,14.86,13.11,13.73,15.41,1017,27,4.02,2025-04-10 07:39:03,2025-04-10 00:51:10,2025-04-10 14:23:29
Calgary,broken clouds,58.75,55.6,56.71,59.74,14.86,13.11,13.73,15.41,1017,27,4.02,2025-04-10 07:39:03,2025-04-10 00:51:10,2025-04-10 14:23:29
Calgary,broken clouds,58.75,55.6,56.71,59.74,14.86,13.11,13.73,15.41,1017,27,4.02,2025-04-10 07:39:03,2025-04-10 00:51:10,2025-04-10 14:23:29
Calgary,broken clouds,57.18,53.87,54.72,58.95,13.99,12.15,12.62,14.97,1018,27,7.72,2025-04-10 07:27:33,2025-04-10 00:51:10,2025-04-10 14:23:29
Calgary,broken clouds,57.56,54.34,55.6,58.64,14.2,12.41,13.11,14.8,1018,28,4.47,2025-04-10 07:11:00,2025-04-10 00:51:10,2025-04-10 14:23:29
Calgary,broken clouds,57.56,54.34,55.6,58.64,14.2,12.41,13.11,14.8,1018,28,4.47,2025-04-10 07:11:00,2025-04-10 00:51:10,2025-04-10 14:23:29
Calgary,broken clouds,57.13,53.91,54.72,58.64,13.96,12.17,12.62,14.8,1018,29,4.47,2025-04-10 06:59:01,2025-04-10 00:51:10,2025-04-10 14:23:29
Calgary,broken clouds,54.23,50.76,51.58,56.64,12.35,10.42,10.88,13.69,1019,30,5.66,2025-04-10 05:55:41,2025-04-10 00:51:10,2025-04-10 14:23:29
Calgary,broken clouds,51.8,48.15,50.72,53.42,11.0,8.97,10.4,11.9,1020,31,0.89,2025-04-10 05:08:23,2025-04-10 00:51:10,2025-04-10 14:23:29
Calgary,broken clouds,51.8,48.15,49.95,52.77,11.0,8.97,9.97,11.54,1020,31,0.45,2025-04-10 04:55:09,2025-04-10 00:51:10,2025-04-10 14:23:29
Calgary,broken clouds,51.8,48.15,49.95,52.77,11.0,8.97,9.97,11.54,1020,31,0.45,2025-04-10 04:55:09,2025-04-10 00:51:10,2025-04-10 14:23:29
Calgary,broken clouds,51.91,48.25,49.95,52.75,11.06,9.03,9.97,11.53,1020,31,0.89,2025-04-10 04:47:13,2025-04-10 00:51:10,2025-04-10 14:23:29
Calgary,few clouds,46.8,43.99,44.96,48.74,8.22,6.66,7.2,9.3,1022,39,2.57,2025-04-10 03:50:28,2025-04-10 00:51:10,2025-04-10 14:23:29
Calgary,broken clouds,42.42,38.1,39.42,45.75,5.79,3.39,4.12,7.64,1022,47,3.09,2025-04-10 02:57:29,2025-04-10 00:51:10,2025-04-10 14:23:29
Calgary,broken clouds,37.29,33.62,35.02,39.74,2.94,0.9,1.68,4.3,1023,58,2.06,2025-04-10 01:57:14,2025-04-10 00:51:10,2025-04-10 14:23:29
Calgary,broken clouds,35.74,30.88,33.03,37.96,2.08,-0.62,0.57,3.31,1022,60,2.57,2025-04-10 01:04:10,2025-04-10 00:51:10,2025-04-10 14:23:29
Calgary,clear sky,40.8,34.99,36.95,43.16,4.89,1.66,2.75,6.2,1021,51,4.12,2025-04-09 20:18:13,2025-04-10 00:51:10,2025-04-10 14:23:29
Calgary,broken clouds,41.18,37.85,36.77,43.59,5.1,3.25,2.65,6.44,1021,50,2.24,2025-04-09 18:00:00,2025-04-10 00:51:10,2025-04-10 14:23:29
Calgary,few clouds,43.7,38.08,40.64,45.03,6.5,3.38,4.8,7.24,1020,46,4.63,2025-04-09 16:52:42,2025-04-09 00:53:20,2025-04-09 14:21:50
Calgary,broken clouds,45.34,41.58,41.41,47.03,7.41,5.32,5.23,8.35,1020,44,3.13,2025-04-09 16:00:02,2025-04-09 00:53:20,2025-04-09 14:21:50
Calgary,broken clouds,46.42,42.4,42.42,48.02,8.01,5.78,5.79,8.9,1019,41,3.58,2025-04-09 15:27:53,2025-04-09 00:53:20,2025-04-09 14:21:50
Calgary,broken clouds,46.42,42.4,42.42,48.02,8.01,5.78,5.79,8.9,1019,41,3.58,2025-04-09 15:27:53,2025-04-09 00:53:20,2025-04-09 14:21:50
Calgary,scattered clouds,55.9,52.84,52.77,57.33,13.28,11.58,11.54,14.07,1014,35,4.47,2025-04-09 08:52:31,2025-04-09 00:53:20,2025-04-09 14:21:50
Calgary,broken clouds,55.35,51.89,53.42,57.42,12.97,11.05,11.9,14.12,1014,28,6.17,2025-04-09 07:56:47,2025-04-09 00:53:20,2025-04-09 14:21:50
Calgary,broken clouds,55.04,51.57,52.16,56.95,12.8,10.87,11.2,13.86,1014,28,5.81,2025-04-09 07:02:55,2025-04-09 00:53:20,2025-04-09 14:21:50
Calgary,broken clouds,54.81,51.3,52.16,56.75,12.67,10.72,11.2,13.75,1013,28,5.36,2025-04-09 06:56:36,2025-04-09 00:53:20,2025-04-09 14:21:50
Calgary,scattered clouds,52.99,49.39,50.76,54.64,11.66,9.66,10.42,12.58,1013,30,5.66,2025-04-09 05:49:28,2025-04-09 00:53:20,2025-04-09 14:21:50
Calgary,scattered clouds,52.18,48.42,50.59,53.55,11.21,9.12,10.33,11.97,1013,28,5.66,2025-04-09 05:31:36,2025-04-09 00:53:20,2025-04-09 14:21:50
Calgary,broken clouds,51.4,47.7,49.59,52.41,10.78,8.72,9.77,11.34,1013,31,7.72,2025-04-09 05:05:21,2025-04-09 00:53:20,2025-04-09 14:21:50
Calgary,broken clouds,51.85,48.24,49.95,52.75,11.03,9.02,9.97,11.53,1004,32,6.69,2025-04-08 08:49:44,2025-04-08 00:55:32,2025-04-08 14:20:12
Calgary,broken clouds,50.59,47.05,48.42,51.96,10.33,8.36,9.12,11.09,1004,36,7.6,2025-04-08 07:55:05,2025-04-08 00:55:32,2025-04-08 14:20:12
Calgary,broken clouds,50.58,47.07,49.01,52.65,10.32,8.37,9.45,11.47,1004,37,7.2,2025-04-08 07:43:33,2025-04-08 00:55:32,2025-04-08 14:20:12
Calgary,broken clouds,50.34,46.9,49.01,51.66,10.19,8.28,9.45,10.92,1004,39,7.2,2025-04-08 07:32:33,2025-04-08 00:55:32,2025-04-08 14:20:12
Calgary,broken clouds,50.34,46.9,49.01,51.66,10.19,8.28,9.45,10.92,1004,39,7.2,2025-04-08 07:32:33,2025-04-08 00:55:32,2025-04-08 14:20:12
