City,Description,Temperature_F,Feels_Like_F,Minimun_Temp_F,Maximum_Temp_F,Temperature_C,Feels_Like_C,Minimum_Temp_C,Maximum_Temp_C,Pressure,Humidty,Wind_Speed,Time_of_Record,Sunrise_Local_Time,Sunset_Local_Time
Calgary,broken clouds,61.34,59.76,58.77,62.33,16.3,15.42,14.87,16.85,1007,55,6.26,2025-06-13 14:52:41,2025-06-12 23:21:22,2025-06-13 15:51:45
Calgary,broken clouds,68.36,66.31,67.95,68.36,20.2,19.06,19.97,20.2,1006,30,8.23,2025-06-13 13:55:54,2025-06-12 23:21:22,2025-06-13 15:51:45
Calgary,broken clouds,67.71,65.88,65.59,70.02,19.84,18.82,18.66,21.12,1004,36,11.32,2025-06-13 12:56:16,2025-06-12 23:21:22,2025-06-13 15:51:45
Calgary,broken clouds,66.94,65.07,65.59,68.02,19.41,18.37,18.66,20.01,1004,37,11.32,2025-06-13 12:33:22,2025-06-12 23:21:22,2025-06-13 15:51:45
Calgary,few clouds,72.52,71.2,68.36,74.64,22.51,21.78,20.2,23.69,1005,37,3.09,2025-06-13 07:03:20,2025-06-12 23:21:22,2025-06-13 15:51:45
Calgary,broken clouds,70.07,69.13,68.59,71.65,21.15,20.63,20.33,22.03,1005,50,1.71,2025-06-13 05:52:00,2025-06-12 23:21:22,2025-06-13 15:51:45
Calgary,broken clouds,64.47,63.45,62.96,66.02,18.04,17.47,17.2,18.9,1006,60,2.57,2025-06-13 05:00:05,2025-06-12 23:21:22,2025-06-13 15:51:45
Calgary,broken clouds,64.62,63.79,62.96,66.02,18.12,17.66,17.2,18.9,1006,64,2.57,2025-06-13 04:44:03,2025-06-12 23:21:22,2025-06-13 15:51:45
Calgary,mist,60.21,59.65,59.36,60.75,15.67,15.36,15.2,15.97,1006,79,3.09,2025-06-13 03:58:50,2025-06-12 23:21:22,2025-06-13 15:51:45
Calgary,mist,59.58,59.13,58.21,60.76,15.32,15.07,14.56,15.98,1006,83,3.09,2025-06-13 03:49:08,2025-06-12 23:21:22,2025-06-13 15:51:45
Calgary,mist,58.26,57.78,56.21,59.36,14.59,14.32,13.45,15.2,1006,85,3.09,2025-06-13 03:29:41,2025-06-12 23:21:22,2025-06-13 15:51:45
Calgary,mist,58.26,57.78,56.21,59.36,14.59,14.32,13.45,15.2,1006,85,3.09,2025-06-13 03:29:41,2025-06-12 23:21:22,2025-06-13 15:51:45
Calgary,mist,58.32,57.85,56.21,59.36,14.62,14.36,13.45,15.2,1006,85,3.09,2025-06-13 03:23:35,2025-06-12 23:21:22,2025-06-13 15:51:45
Calgary,overcast clouds,62.44,61.77,59.76,63.03,16.91,16.54,15.42,17.24,1009,72,4.02,2025-06-12 12:08:42,2025-06-11 23:21:34,2025-06-12 15:51:09
Calgary,smoke,62.17,61.32,59.41,62.96,16.76,16.29,15.23,17.2,1012,69,7.2,2025-06-12 08:21:58,2025-06-11 23:21:34,2025-06-12 15:51:09
Calgary,smoke,61.75,60.93,59.41,62.96,16.53,16.07,15.23,17.2,1012,70,7.2,2025-06-12 08:18:25,2025-06-11 23:21:34,2025-06-12 15:51:09
Calgary,smoke,61.02,60.01,59.41,61.16,16.12,15.56,15.23,16.2,1012,68,6.17,2025-06-12 08:06:05,2025-06-11 23:21:34,2025-06-12 15:51:09
Calgary,smoke,61.25,60.28,59.41,62.65,16.25,15.71,15.23,17.03,1012,68,6.17,2025-06-12 08:01:05,2025-06-11 23:21:34,2025-06-12 15:51:09
Calgary,smoke,61.25,60.28,59.41,62.65,16.25,15.71,15.23,17.03,1012,68,6.17,2025-06-12 08:01:05,2025-06-11 23:21:34,2025-06-12 15:51:09
Calgary,smoke,61.32,60.35,59.41,62.65,16.29,15.75,15.23,17.03,1012,68,6.17,2025-06-12 07:46:49,2025-06-11 23:21:34,2025-06-12 15:51:09
Calgary,smoke,61.32,60.35,59.41,62.65,16.29,15.75,15.23,17.03,1012,68,6.17,2025-06-12 07:46:49,2025-06-11 23:21:34,2025-06-12 15:51:09
Calgary,smoke,61.32,60.35,59.41,62.65,16.29,15.75,15.23,17.03,1012,68,6.17,2025-06-12 07:46:49,2025-06-11 23:21:34,2025-06-12 15:51:09
Calgary,smoke,61.32,60.35,59.41,62.65,16.29,15.75,15.23,17.03,1012,68,6.17,2025-06-12 07:46:49,2025-06-11 23:21:34,2025-06-12 15:51:09
Calgary,smoke,61.5,60.46,60.42,62.65,16.39,15.81,15.79,17.03,1012,66,6.17,2025-06-12 07:39:24,2025-06-11 23:21:34,2025-06-12 15:51:09
Calgary,smoke,61.5,60.46,60.42,62.65,16.39,15.81,15.79,17.03,1012,66,6.17,2025-06-12 07:39:24,2025-06-11 23:21:34,2025-06-12 15:51:09
Calgary,smoke,61.02,59.97,60.58,61.41,16.12,15.54,15.88,16.34,1012,67,6.17,2025-06-12 07:23:52,2025-06-11 23:21:34,2025-06-12 15:51:09
Calgary,smoke,61.02,59.97,60.58,61.41,16.12,15.54,15.88,16.34,1012,67,6.17,2025-06-12 07:23:52,2025-06-11 23:21:34,2025-06-12 15:51:09
Calgary,overcast clouds,59.0,57.99,59.0,59.0,15.0,14.44,15.0,15.0,1012,72,3.9,2025-06-12 07:15:09,2025-06-11 23:21:34,2025-06-12 15:51:09
Calgary,smoke,73.31,71.94,70.59,74.5,22.95,22.19,21.44,23.61,1012,34,4.12,2025-06-11 11:56:44,2025-06-10 23:21:49,2025-06-11 15:50:31
Calgary,smoke,71.96,69.98,71.55,71.96,22.2,21.1,21.97,22.2,1012,24,4.63,2025-06-10 14:52:22,2025-06-09 23:22:07,2025-06-10 15:49:50
Calgary,smoke,80.96,79.09,80.55,80.96,27.2,26.16,26.97,27.2,1007,18,4.12,2025-06-09 11:58:31,2025-06-08 23:22:28,2025-06-09 15:49:06
Calgary,clear sky,58.5,56.35,54.75,61.32,14.72,13.53,12.64,16.29,1008,49,3.13,2025-06-08 23:20:02,2025-06-08 23:22:28,2025-06-09 15:49:06
Calgary,broken clouds,76.98,75.65,74.59,78.33,24.99,24.25,23.66,25.74,1002,27,8.75,2025-06-06 12:23:41,2025-06-05 23:23:48,2025-06-06 15:46:40
Calgary,overcast clouds,60.28,58.44,60.21,60.75,15.71,14.69,15.67,15.97,1007,52,0.69,2025-06-06 00:17:59,2025-06-05 23:23:48,2025-06-06 15:46:40
Calgary,few clouds,47.34,45.09,44.76,48.74,8.52,7.27,7.09,9.3,1015,76,2.24,2025-06-05 00:31:01,2025-06-04 23:24:21,2025-06-05 15:45:46
Calgary,broken clouds,61.41,58.77,58.41,62.65,16.34,14.87,14.67,17.03,1014,32,6.17,2025-06-03 11:57:55,2025-06-02 23:25:35,2025-06-03 15:43:52
Calgary,broken clouds,59.77,56.82,58.71,61.41,15.43,13.79,14.84,16.34,1017,29,3.6,2025-06-02 11:55:15,2025-06-01 23:26:16,2025-06-02 15:42:52
Calgary,broken clouds,50.83,48.06,48.15,52.95,10.46,8.92,8.97,11.64,1018,52,5.14,2025-06-02 03:04:34,2025-06-01 23:26:16,2025-06-02 15:42:52
Calgary,few clouds,79.36,79.36,76.71,81.03,26.31,26.31,24.84,27.24,1014,29,6.17,2025-05-30 11:56:12,2025-05-29 23:28:35,2025-05-30 15:39:38
Calgary,scattered clouds,83.17,81.1,80.6,84.72,28.43,27.28,27.0,29.29,1001,27,9.3,2025-05-29 11:57:42,2025-05-28 23:29:27,2025-05-29 15:38:30
Calgary,few clouds,76.5,75.16,74.95,78.75,24.72,23.98,23.86,25.97,1011,28,5.14,2025-05-28 13:52:14,2025-05-27 23:30:22,2025-05-28 15:37:19
Calgary,scattered clouds,72.75,71.47,70.16,74.75,22.64,21.93,21.2,23.75,1016,37,1.03,2025-05-28 04:35:22,2025-05-27 23:30:22,2025-05-28 15:37:19
Calgary,broken clouds,52.21,49.91,50.02,53.74,11.23,9.95,10.01,12.08,1009,59,3.13,2025-05-20 11:52:11,2025-05-19 23:39:07,2025-05-20 15:26:57
Calgary,overcast clouds,55.35,53.55,53.33,58.77,12.97,11.97,11.85,14.87,1004,63,0.89,2025-05-19 12:46:45,2025-05-18 23:40:24,2025-05-19 15:25:33
Calgary,overcast clouds,38.26,36.41,36.41,39.74,3.48,2.45,2.45,4.3,1012,96,1.34,2025-05-19 00:51:10,2025-05-18 23:40:24,2025-05-19 15:25:33
Calgary,overcast clouds,54.79,52.97,51.58,55.51,12.66,11.65,10.88,13.06,1004,64,1.79,2025-05-17 13:34:36,2025-05-16 23:43:02,2025-05-17 15:22:41
Calgary,overcast clouds,53.49,51.87,49.41,54.64,11.94,11.04,9.67,12.58,1007,71,0.89,2025-05-17 05:30:18,2025-05-16 23:43:02,2025-05-17 15:22:41
Calgary,overcast clouds,43.38,41.22,41.41,44.33,6.32,5.12,5.23,6.85,1011,83,1.79,2025-05-16 02:06:51,2025-05-15 23:44:25,2025-05-16 15:21:14
Calgary,overcast clouds,63.28,61.14,61.59,64.65,17.38,16.19,16.44,18.14,1004,39,2.68,2025-05-14 12:02:28,2025-05-13 23:47:16,2025-05-14 15:18:16
Calgary,overcast clouds,56.43,54.54,54.41,57.33,13.57,12.52,12.45,14.07,1006,59,1.79,2025-05-13 11:59:40,2025-05-12 23:48:45,2025-05-13 15:16:45
Calgary,overcast clouds,40.95,36.9,39.6,41.74,4.97,2.72,4.22,5.41,1004,89,2.68,2025-05-12 15:48:10,2025-05-11 23:50:15,2025-05-12 15:15:14
Calgary,overcast clouds,40.95,36.28,39.42,41.74,4.97,2.38,4.12,5.41,1004,88,3.13,2025-05-12 15:41:20,2025-05-11 23:50:15,2025-05-12 15:15:14
Calgary,overcast clouds,49.01,49.01,44.6,49.75,9.45,9.45,7.0,9.86,997,78,0.45,2025-05-12 10:55:38,2025-05-11 23:50:15,2025-05-12 15:15:14
Calgary,overcast clouds,50.67,49.1,48.51,51.75,10.37,9.5,9.17,10.97,996,78,1.34,2025-05-12 09:55:11,2025-05-11 23:50:15,2025-05-12 15:15:14
Calgary,overcast clouds,51.35,49.89,51.03,51.76,10.75,9.94,10.57,10.98,995,79,3.13,2025-05-12 09:16:13,2025-05-11 23:50:15,2025-05-12 15:15:14
Calgary,overcast clouds,51.64,50.45,49.59,53.76,10.91,10.25,9.77,12.09,995,84,1.27,2025-05-12 05:59:43,2025-05-11 23:50:15,2025-05-12 15:15:14
Calgary,overcast clouds,49.1,49.1,47.41,50.76,9.5,9.5,8.56,10.42,996,90,0.79,2025-05-12 04:55:11,2025-05-11 23:50:15,2025-05-12 15:15:14
Calgary,overcast clouds,47.32,47.32,45.77,48.51,8.51,8.51,7.65,9.17,997,93,1.27,2025-05-12 04:00:02,2025-05-11 23:50:15,2025-05-12 15:15:14
Calgary,overcast clouds,46.54,45.34,45.41,47.64,8.08,7.41,7.45,8.69,998,92,1.54,2025-05-12 02:51:08,2025-05-11 23:50:15,2025-05-12 15:15:14
Calgary,overcast clouds,46.15,44.19,44.73,47.03,7.86,6.77,7.07,8.35,998,92,1.92,2025-05-12 01:57:41,2025-05-11 23:50:15,2025-05-12 15:15:14
Calgary,overcast clouds,45.82,43.2,44.42,46.74,7.68,6.22,6.9,8.19,998,92,2.32,2025-05-12 01:05:37,2025-05-11 23:50:15,2025-05-12 15:15:14
Calgary,overcast clouds,45.82,43.2,44.42,46.74,7.68,6.22,6.9,8.19,998,92,2.32,2025-05-12 01:05:37,2025-05-11 23:50:15,2025-05-12 15:15:14
Calgary,overcast clouds,52.7,50.49,49.41,54.01,11.5,10.27,9.67,12.23,1000,60,7.2,2025-05-11 18:43:46,2025-05-11 23:50:15,2025-05-12 15:15:14
Calgary,overcast clouds,61.97,59.41,60.75,62.96,16.65,15.23,15.97,17.2,999,33,1.54,2025-05-11 14:58:33,2025-05-10 23:51:48,2025-05-11 15:13:42
Calgary,overcast clouds,63.55,61.3,61.59,64.65,17.53,16.28,16.44,18.14,999,36,2.06,2025-05-11 14:00:00,2025-05-10 23:51:48,2025-05-11 15:13:42
Calgary,broken clouds,64.29,62.06,62.55,66.42,17.94,16.7,16.97,19.12,999,35,1.54,2025-05-11 12:59:05,2025-05-10 23:51:48,2025-05-11 15:13:42
Calgary,overcast clouds,65.48,63.28,63.59,68.02,18.6,17.38,17.55,20.01,1000,33,2.06,2025-05-11 11:55:54,2025-05-10 23:51:48,2025-05-11 15:13:42
Calgary,broken clouds,64.26,62.02,61.59,66.74,17.92,16.68,16.44,19.3,1001,35,3.6,2025-05-11 10:55:07,2025-05-10 23:51:48,2025-05-11 15:13:42
Calgary,broken clouds,64.2,61.92,61.59,67.41,17.89,16.62,16.44,19.67,1001,34,3.6,2025-05-11 10:32:53,2025-05-10 23:51:48,2025-05-11 15:13:42
Calgary,scattered clouds,57.18,54.57,55.35,59.65,13.99,12.54,12.97,15.36,1005,42,2.06,2025-05-11 03:43:12,2025-05-10 23:51:48,2025-05-11 15:13:42
Calgary,scattered clouds,57.18,54.57,55.35,59.65,13.99,12.54,12.97,15.36,1005,42,2.06,2025-05-11 03:43:12,2025-05-10 23:51:48,2025-05-11 15:13:42
Calgary,overcast clouds,73.08,70.84,70.77,74.01,22.82,21.58,21.54,23.34,1003,16,0.45,2025-05-10 13:23:30,2025-05-09 23:53:22,2025-05-10 15:12:10
Calgary,scattered clouds,44.85,41.68,42.03,48.02,7.14,5.38,5.57,8.9,1014,39,2.57,2025-05-09 21:59:59,2025-05-09 23:53:22,2025-05-10 15:12:10
Calgary,scattered clouds,45.19,42.1,42.66,48.76,7.33,5.61,5.92,9.31,1013,35,2.57,2025-05-09 20:56:54,2025-05-09 23:53:22,2025-05-10 15:12:10
Calgary,few clouds,48.85,45.84,45.5,50.74,9.36,7.69,7.5,10.41,1013,32,3.09,2025-05-09 19:56:22,2025-05-09 23:53:22,2025-05-10 15:12:10
Calgary,few clouds,51.01,47.21,47.41,52.75,10.56,8.45,8.56,11.53,1013,30,1.79,2025-05-09 18:58:06,2025-05-09 23:53:22,2025-05-10 15:12:10
Calgary,few clouds,53.91,50.22,49.95,56.03,12.17,10.12,9.97,13.35,1013,26,2.06,2025-05-09 17:58:15,2025-05-09 23:53:22,2025-05-10 15:12:10
Calgary,overcast clouds,57.09,53.64,53.96,59.59,13.94,12.02,12.2,15.33,1012,24,0.45,2025-05-09 16:56:20,2025-05-08 23:54:58,2025-05-09 15:10:36
Calgary,overcast clouds,60.76,57.52,57.15,62.02,15.98,14.18,13.97,16.68,1013,21,0.45,2025-05-09 15:55:06,2025-05-08 23:54:58,2025-05-09 15:10:36
Calgary,overcast clouds,61.86,58.64,59.76,64.35,16.59,14.8,15.42,17.97,1013,19,3.05,2025-05-09 14:55:34,2025-05-08 23:54:58,2025-05-09 15:10:36
Calgary,overcast clouds,68.45,65.61,64.96,70.16,20.25,18.67,18.31,21.2,1012,13,1.54,2025-05-09 13:57:39,2025-05-08 23:54:58,2025-05-09 15:10:36
Calgary,overcast clouds,70.12,67.44,67.95,72.01,21.18,19.69,19.97,22.23,1013,13,2.24,2025-05-09 12:57:35,2025-05-08 23:54:58,2025-05-09 15:10:36
Calgary,overcast clouds,70.38,68.0,67.71,73.65,21.32,20.0,19.84,23.14,1013,19,5.66,2025-05-09 11:55:27,2025-05-08 23:54:58,2025-05-09 15:10:36
Calgary,overcast clouds,69.12,66.85,66.72,71.02,20.62,19.36,19.29,21.68,1013,24,4.63,2025-05-09 10:53:20,2025-05-08 23:54:58,2025-05-09 15:10:36
Calgary,overcast clouds,69.87,67.64,66.96,71.51,21.04,19.8,19.42,21.95,1015,23,4.63,2025-05-09 10:25:01,2025-05-08 23:54:58,2025-05-09 15:10:36
Calgary,overcast clouds,66.52,64.09,62.55,68.02,19.18,17.83,16.97,20.01,1016,26,5.66,2025-05-09 07:54:33,2025-05-08 23:54:58,2025-05-09 15:10:36
Calgary,overcast clouds,62.85,60.3,59.36,64.74,17.14,15.72,15.2,18.19,1018,31,8.23,2025-05-09 06:55:05,2025-05-08 23:54:58,2025-05-09 15:10:36
Calgary,overcast clouds,60.26,57.58,57.56,61.75,15.7,14.21,14.2,16.53,1019,34,9.26,2025-05-09 05:59:17,2025-05-08 23:54:58,2025-05-09 15:10:36
Calgary,overcast clouds,57.18,54.25,55.42,58.64,13.99,12.36,13.01,14.8,1020,35,1.34,2025-05-09 04:47:35,2025-05-08 23:54:58,2025-05-09 15:10:36
Calgary,overcast clouds,54.46,51.44,51.75,55.65,12.48,10.8,10.97,13.14,1021,39,1.34,2025-05-09 03:56:15,2025-05-08 23:54:58,2025-05-09 15:10:36
Calgary,overcast clouds,50.04,46.85,48.56,51.51,10.02,8.25,9.2,10.84,1023,45,4.63,2025-05-09 02:52:07,2025-05-08 23:54:58,2025-05-09 15:10:36
Calgary,overcast clouds,47.64,42.62,46.65,48.56,8.69,5.9,8.14,9.2,1023,49,5.14,2025-05-09 01:57:36,2025-05-08 23:54:58,2025-05-09 15:10:36
Calgary,overcast clouds,47.59,42.55,46.65,48.96,8.66,5.86,8.14,9.42,1023,49,5.14,2025-05-09 01:47:05,2025-05-08 23:54:58,2025-05-09 15:10:36
Calgary,overcast clouds,47.59,42.55,46.65,48.96,8.66,5.86,8.14,9.42,1023,49,5.14,2025-05-09 01:47:05,2025-05-08 23:54:58,2025-05-09 15:10:36
Calgary,overcast clouds,52.93,49.86,51.42,53.96,11.63,9.92,10.79,12.2,1021,41,7.2,2025-05-08 14:57:55,2025-05-07 23:56:36,2025-05-08 15:09:03
Calgary,overcast clouds,54.9,52.02,52.59,56.64,12.72,11.12,11.44,13.69,1020,41,9.26,2025-05-08 13:55:25,2025-05-07 23:56:36,2025-05-08 15:09:03
Calgary,scattered clouds,56.88,54.05,54.59,58.64,13.82,12.25,12.55,14.8,1019,38,6.69,2025-05-08 12:59:56,2025-05-07 23:56:36,2025-05-08 15:09:03
Calgary,scattered clouds,58.17,55.53,56.41,59.65,14.54,13.07,13.56,15.36,1018,39,8.23,2025-05-08 11:51:50,2025-05-07 23:56:36,2025-05-08 15:09:03
Calgary,few clouds,58.28,55.6,55.42,60.03,14.6,13.11,13.01,15.57,1017,38,7.2,2025-05-08 10:53:48,2025-05-07 23:56:36,2025-05-08 15:09:03
Calgary,scattered clouds,57.74,55.15,55.6,58.32,14.3,12.86,13.11,14.62,1016,41,6.69,2025-05-08 09:58:24,2025-05-07 23:56:36,2025-05-08 15:09:03
Calgary,broken clouds,57.58,54.97,55.42,58.32,14.21,12.76,13.01,14.62,1016,41,9.77,2025-05-08 08:58:28,2025-05-07 23:56:36,2025-05-08 15:09:03
Calgary,dust,54.7,52.3,52.16,57.76,12.61,11.28,11.2,14.31,1016,52,9.77,2025-05-08 07:55:43,2025-05-07 23:56:36,2025-05-08 15:09:03
Calgary,broken clouds,53.6,51.44,48.42,53.6,12.0,10.8,9.12,12.0,1015,59,9.86,2025-05-08 06:57:26,2025-05-07 23:56:36,2025-05-08 15:09:03
Calgary,broken clouds,59.47,57.0,57.02,63.75,15.26,13.89,13.9,17.64,1012,40,5.66,2025-05-08 05:54:28,2025-05-07 23:56:36,2025-05-08 15:09:03
Calgary,clear sky,57.99,55.8,56.71,60.03,14.44,13.22,13.73,15.57,1011,49,4.92,2025-05-08 05:00:09,2025-05-07 23:56:36,2025-05-08 15:09:03
Calgary,clear sky,56.5,54.28,52.77,57.65,13.61,12.38,11.54,14.25,1011,52,4.47,2025-05-08 03:53:54,2025-05-07 23:56:36,2025-05-08 15:09:03
Calgary,broken clouds,52.36,50.07,49.41,53.55,11.31,10.04,9.67,11.97,1010,59,2.57,2025-05-08 02:59:34,2025-05-07 23:56:36,2025-05-08 15:09:03
Calgary,broken clouds,50.83,48.58,48.15,52.75,10.46,9.21,8.97,11.53,1009,63,4.12,2025-05-08 01:55:59,2025-05-07 23:56:36,2025-05-08 15:09:03
Calgary,broken clouds,50.29,48.07,47.41,52.75,10.16,8.93,8.56,11.53,1009,65,4.47,2025-05-08 01:34:30,2025-05-07 23:56:36,2025-05-08 15:09:03
Calgary,broken clouds,48.49,42.44,46.51,49.95,9.16,5.8,8.06,9.97,1007,65,7.2,2025-05-08 00:39:57,2025-05-07 23:56:36,2025-05-08 15:09:03
Calgary,broken clouds,46.24,41.67,43.02,49.32,7.91,5.37,6.12,9.62,1007,64,4.12,2025-05-07 01:39:54,2025-05-06 23:58:15,2025-05-07 15:07:28
Calgary,few clouds,66.06,63.63,64.02,68.02,18.92,17.57,17.79,20.01,1017,27,7.72,2025-05-06 09:00:02,2025-05-05 23:59:56,2025-05-06 15:05:53
Calgary,broken clouds,69.37,67.14,67.59,71.02,20.76,19.52,19.77,21.68,1011,24,5.14,2025-05-01 12:00:02,2025-05-01 00:08:45,2025-05-01 14:57:52
Calgary,broken clouds,58.57,55.67,57.56,59.74,14.76,13.15,14.2,15.41,1012,33,2.24,2025-04-30 11:58:12,2025-04-30 00:10:35,2025-04-30 14:56:14
Calgary,broken clouds,52.86,49.82,49.95,55.74,11.59,9.9,9.97,13.19,1013,42,2.24,2025-04-30 05:56:59,2025-04-30 00:10:35,2025-04-30 14:56:14
Calgary,overcast clouds,47.75,47.75,47.64,49.95,8.75,8.75,8.69,9.97,1005,55,1.03,2025-04-29 01:02:38,2025-04-29 00:12:26,2025-04-29 14:54:37
Calgary,overcast clouds,41.88,35.38,41.02,42.66,5.49,1.88,5.01,5.92,1016,64,5.14,2025-04-27 11:55:48,2025-04-27 00:16:13,2025-04-27 14:51:21
Calgary,few clouds,55.58,52.39,53.55,56.64,13.1,11.33,11.97,13.69,1008,33,6.17,2025-04-25 15:22:36,2025-04-25 00:20:04,2025-04-25 14:48:05
Calgary,scattered clouds,56.66,53.38,53.96,58.03,13.7,11.88,12.2,14.46,1020,29,5.14,2025-04-24 06:56:50,2025-04-24 00:22:02,2025-04-24 14:46:27
Calgary,clear sky,54.7,51.37,51.73,56.64,12.61,10.76,10.96,13.69,1020,32,3.13,2025-04-24 05:56:57,2025-04-24 00:22:02,2025-04-24 14:46:27
Calgary,clear sky,52.56,49.3,49.71,54.64,11.42,9.61,9.84,12.58,1021,38,2.68,2025-04-24 04:59:15,2025-04-24 00:22:02,2025-04-24 14:46:27
Calgary,clear sky,46.8,43.23,42.73,50.76,8.22,6.24,5.96,10.42,1021,47,3.21,2025-04-24 03:59:36,2025-04-24 00:22:02,2025-04-24 14:46:27
Calgary,clear sky,41.25,38.77,39.42,43.65,5.14,3.76,4.12,6.47,1022,58,1.79,2025-04-24 02:52:23,2025-04-24 00:22:02,2025-04-24 14:46:27
Calgary,few clouds,34.59,32.25,30.56,38.64,1.44,0.14,-0.8,3.69,1022,72,1.34,2025-04-24 01:54:03,2025-04-24 00:22:02,2025-04-24 14:46:27
Calgary,few clouds,31.06,31.06,28.76,32.74,-0.52,-0.52,-1.8,0.41,1022,73,0.45,2025-04-24 00:58:29,2025-04-24 00:22:02,2025-04-24 14:46:27
Calgary,few clouds,32.31,32.31,28.76,36.01,0.17,0.17,-1.8,2.23,1022,77,0.45,2025-04-24 00:43:39,2025-04-24 00:22:02,2025-04-24 14:46:27
Calgary,few clouds,32.31,32.31,28.76,36.01,0.17,0.17,-1.8,2.23,1022,77,0.45,2025-04-24 00:41:45,2025-04-24 00:22:02,2025-04-24 14:46:27
Calgary,broken clouds,49.14,44.49,47.59,50.5,9.52,6.94,8.66,10.28,1017,36,5.14,2025-04-23 13:55:27,2025-04-23 00:24:01,2025-04-23 14:44:48
Calgary,broken clouds,49.48,44.91,48.42,50.76,9.71,7.17,9.12,10.42,1017,36,5.14,2025-04-23 13:39:27,2025-04-23 00:24:01,2025-04-23 14:44:48
Calgary,broken clouds,52.92,49.64,49.71,55.33,11.62,9.8,9.84,12.96,1016,37,2.24,2025-04-23 10:24:18,2025-04-23 00:24:01,2025-04-23 14:44:48
Calgary,broken clouds,48.47,48.47,45.77,50.95,9.15,9.15,7.65,10.53,1017,36,1.03,2025-04-23 06:56:59,2025-04-23 00:24:01,2025-04-23 14:44:48
Calgary,scattered clouds,47.79,44.04,45.59,50.65,8.77,6.69,7.55,10.36,1017,35,3.6,2025-04-23 05:54:09,2025-04-23 00:24:01,2025-04-23 14:44:48
Calgary,few clouds,47.75,43.54,44.96,50.02,8.75,6.41,7.2,10.01,1017,39,4.12,2025-04-23 04:52:46,2025-04-23 00:24:01,2025-04-23 14:44:48
Calgary,few clouds,44.42,41.02,40.95,45.5,6.9,5.01,4.97,7.5,1018,44,2.68,2025-04-23 03:53:46,2025-04-23 00:24:01,2025-04-23 14:44:48
Calgary,few clouds,39.09,39.09,35.55,41.32,3.94,3.94,1.97,5.18,1019,56,0.89,2025-04-23 02:52:44,2025-04-23 00:24:01,2025-04-23 14:44:48
Calgary,clear sky,33.73,30.07,32.32,35.74,0.96,-1.07,0.18,2.08,1019,69,1.79,2025-04-23 01:49:15,2025-04-23 00:24:01,2025-04-23 14:44:48
Calgary,clear sky,33.73,30.07,32.32,35.74,0.96,-1.07,0.18,2.08,1019,69,1.79,2025-04-23 01:49:15,2025-04-23 00:24:01,2025-04-23 14:44:48
Calgary,overcast clouds,35.85,31.95,33.75,36.95,2.14,-0.03,0.97,2.75,1014,83,2.06,2025-04-20 18:20:55,2025-04-21 00:28:01,2025-04-21 14:41:31
Calgary,overcast clouds,35.85,31.95,33.75,36.95,2.14,-0.03,0.97,2.75,1014,83,2.06,2025-04-20 18:20:55,2025-04-21 00:28:01,2025-04-21 14:41:31
Calgary,broken clouds,37.87,32.63,36.59,38.95,3.26,0.35,2.55,3.86,1015,76,3.09,2025-04-20 14:56:47,2025-04-20 00:30:03,2025-04-20 14:39:53
Calgary,broken clouds,39.33,34.38,37.6,40.03,4.07,1.32,3.11,4.46,1013,73,3.09,2025-04-20 14:04:36,2025-04-20 00:30:03,2025-04-20 14:39:53
Calgary,broken clouds,39.33,34.38,37.6,40.03,4.07,1.32,3.11,4.46,1013,73,3.09,2025-04-20 14:04:36,2025-04-20 00:30:03,2025-04-20 14:39:53
Calgary,broken clouds,39.33,34.38,37.6,40.03,4.07,1.32,3.11,4.46,1013,73,3.09,2025-04-20 14:04:36,2025-04-20 00:30:03,2025-04-20 14:39:53
Calgary,scattered clouds,46.58,40.59,43.59,48.56,8.1,4.77,6.44,9.2,1012,67,6.17,2025-04-19 14:59:15,2025-04-19 00:32:06,2025-04-19 14:38:14
Calgary,scattered clouds,52.16,49.8,52.16,53.55,11.2,9.89,11.2,11.97,1011,58,5.66,2025-04-19 13:54:46,2025-04-19 00:32:06,2025-04-19 14:38:14
Calgary,scattered clouds,52.16,49.8,52.16,55.35,11.2,9.89,11.2,12.97,1011,58,4.63,2025-04-19 12:56:20,2025-04-19 00:32:06,2025-04-19 14:38:14
Calgary,overcast clouds,48.65,45.77,48.65,48.65,9.25,7.65,9.25,9.25,1011,67,2.93,2025-04-19 12:12:07,2025-04-19 00:32:06,2025-04-19 14:38:14
Calgary,overcast clouds,46.72,41.85,43.77,46.76,8.18,5.47,6.54,8.2,1012,61,4.63,2025-04-19 07:57:36,2025-04-19 00:32:06,2025-04-19 14:38:14
Calgary,overcast clouds,46.76,41.14,46.76,48.15,8.2,5.08,8.2,8.97,1012,61,5.66,2025-04-19 06:58:44,2025-04-19 00:32:06,2025-04-19 14:38:14
Calgary,overcast clouds,46.76,41.14,46.76,49.95,8.2,5.08,8.2,9.97,1012,61,5.66,2025-04-19 05:56:15,2025-04-19 00:32:06,2025-04-19 14:38:14
Calgary,overcast clouds,44.96,38.88,44.96,49.95,7.2,3.82,7.2,9.97,1012,65,5.66,2025-04-19 05:46:58,2025-04-19 00:32:06,2025-04-19 14:38:14
Calgary,clear sky,31.37,31.37,28.35,34.75,-0.35,-0.35,-2.03,1.53,1021,54,0.0,2025-04-17 18:57:05,2025-04-18 00:34:10,2025-04-18 14:36:36
Calgary,few clouds,32.7,32.7,29.5,35.02,0.39,0.39,-1.39,1.68,1021,52,0.0,2025-04-17 17:59:49,2025-04-18 00:34:10,2025-04-18 14:36:36
Calgary,broken clouds,33.01,33.01,30.51,36.72,0.56,0.56,-0.83,2.62,1021,50,0.13,2025-04-17 16:58:59,2025-04-17 00:36:15,2025-04-17 14:34:57
Calgary,few clouds,35.94,33.22,33.66,38.59,2.19,0.68,0.92,3.66,1020,45,1.54,2025-04-17 15:59:57,2025-04-17 00:36:15,2025-04-17 14:34:57
Calgary,few clouds,40.48,33.64,37.65,41.36,4.71,0.91,3.14,5.2,1020,38,5.14,2025-04-17 14:57:23,2025-04-17 00:36:15,2025-04-17 14:34:57
Calgary,few clouds,43.59,37.96,41.95,44.96,6.44,3.31,5.53,7.2,1019,34,4.63,2025-04-17 13:59:07,2025-04-17 00:36:15,2025-04-17 14:34:57
Calgary,broken clouds,44.31,38.44,42.58,45.5,6.84,3.58,5.88,7.5,1019,33,5.14,2025-04-17 13:00:11,2025-04-17 00:36:15,2025-04-17 14:34:57
Calgary,broken clouds,44.73,36.77,42.58,46.65,7.07,2.65,5.88,8.14,1018,34,8.75,2025-04-17 11:59:14,2025-04-17 00:36:15,2025-04-17 14:34:57
Calgary,broken clouds,43.54,35.76,41.72,44.65,6.41,2.09,5.4,7.03,1018,38,7.72,2025-04-17 10:50:45,2025-04-17 00:36:15,2025-04-17 14:34:57
Calgary,broken clouds,42.51,34.43,40.59,44.74,5.84,1.35,4.77,7.08,1019,42,7.72,2025-04-17 09:56:26,2025-04-17 00:36:15,2025-04-17 14:34:57
Calgary,broken clouds,41.2,32.43,38.41,42.96,5.11,0.24,3.56,6.09,1019,43,8.23,2025-04-17 08:54:04,2025-04-17 00:36:15,2025-04-17 14:34:57
Calgary,broken clouds,41.27,32.83,38.59,44.02,5.15,0.46,3.66,6.68,1020,52,7.72,2025-04-17 07:58:23,2025-04-17 00:36:15,2025-04-17 14:34:57
Calgary,broken clouds,39.61,30.69,37.42,42.03,4.23,-0.73,3.01,5.57,1020,57,7.72,2025-04-17 06:59:48,2025-04-17 00:36:15,2025-04-17 14:34:57
Calgary,broken clouds,37.45,27.25,35.42,39.65,3.03,-2.64,1.9,4.25,1020,61,8.75,2025-04-17 05:58:35,2025-04-17 00:36:15,2025-04-17 14:34:57
Calgary,overcast clouds,35.51,26.51,33.73,37.65,1.95,-3.05,0.96,3.14,1020,59,6.17,2025-04-17 04:55:41,2025-04-17 00:36:15,2025-04-17 14:34:57
Calgary,broken clouds,34.92,25.75,32.59,36.95,1.62,-3.47,0.33,2.75,1020,55,6.17,2025-04-17 03:59:05,2025-04-17 00:36:15,2025-04-17 14:34:57
Calgary,scattered clouds,34.61,26.28,32.59,36.75,1.45,-3.18,0.33,2.64,1020,51,5.14,2025-04-17 02:58:43,2025-04-17 00:36:15,2025-04-17 14:34:57
Calgary,few clouds,33.94,27.18,31.41,35.6,1.08,-2.68,-0.33,2.0,1019,52,3.6,2025-04-17 01:53:30,2025-04-17 00:36:15,2025-04-17 14:34:57
Calgary,few clouds,31.8,24.57,28.72,34.59,-0.11,-4.13,-1.82,1.44,1018,50,3.6,2025-04-17 01:19:20,2025-04-17 00:36:15,2025-04-17 14:34:57
Calgary,scattered clouds,31.32,24.01,28.72,33.75,-0.38,-4.44,-1.82,0.97,1019,52,3.58,2025-04-17 00:41:17,2025-04-17 00:36:15,2025-04-17 14:34:57
Calgary,broken clouds,33.01,28.26,30.72,35.02,0.56,-2.08,-0.71,1.68,1018,49,2.24,2025-04-16 20:12:47,2025-04-17 00:36:15,2025-04-17 14:34:57
Calgary,few clouds,33.12,26.91,30.72,35.02,0.62,-2.83,-0.71,1.68,1018,48,3.09,2025-04-16 20:05:51,2025-04-17 00:36:15,2025-04-17 14:34:57
Calgary,broken clouds,41.76,31.89,40.41,42.96,5.42,-0.06,4.67,6.09,1017,34,10.8,2025-04-16 10:00:00,2025-04-16 00:38:20,2025-04-16 14:33:19
Calgary,broken clouds,41.58,32.94,39.72,43.95,5.32,0.52,4.29,6.64,1017,35,8.23,2025-04-16 09:00:04,2025-04-16 00:38:20,2025-04-16 14:33:19
Calgary,broken clouds,41.56,31.41,39.15,42.96,5.31,-0.33,3.97,6.09,1017,36,11.32,2025-04-16 07:56:42,2025-04-16 00:38:20,2025-04-16 14:33:19
Calgary,broken clouds,41.09,32.02,38.59,43.95,5.05,0.01,3.66,6.64,1017,36,8.75,2025-04-16 06:55:32,2025-04-16 00:38:20,2025-04-16 14:33:19
Calgary,broken clouds,40.48,30.69,38.71,42.03,4.71,-0.73,3.73,5.57,1018,46,9.77,2025-04-16 05:50:18,2025-04-16 00:38:20,2025-04-16 14:33:19
Calgary,broken clouds,40.06,30.13,37.35,42.03,4.48,-1.04,2.97,5.57,1018,47,9.77,2025-04-16 05:40:08,2025-04-16 00:38:20,2025-04-16 14:33:19
Calgary,broken clouds,40.06,30.13,37.35,42.03,4.48,-1.04,2.97,5.57,1018,47,9.77,2025-04-16 05:40:08,2025-04-16 00:38:20,2025-04-16 14:33:19
Calgary,broken clouds,39.92,29.95,37.35,42.03,4.4,-1.14,2.97,5.57,1018,48,9.77,2025-04-16 05:39:18,2025-04-16 00:38:20,2025-04-16 14:33:19
Calgary,broken clouds,40.05,31.24,37.6,41.36,4.47,-0.42,3.11,5.2,1014,76,7.72,2025-04-15 18:01:44,2025-04-16 00:38:20,2025-04-16 14:33:19
Calgary,broken clouds,64.29,61.32,63.75,65.64,17.94,16.29,17.64,18.69,1005,19,9.26,2025-04-15 11:53:39,2025-04-15 00:40:27,2025-04-15 14:31:40
Calgary,broken clouds,64.29,61.32,63.75,65.64,17.94,16.29,17.64,18.69,1005,19,9.26,2025-04-15 11:53:39,2025-04-15 00:40:27,2025-04-15 14:31:40
Calgary,broken clouds,63.81,61.02,63.59,64.35,17.67,16.12,17.55,17.97,1006,24,3.54,2025-04-15 10:00:00,2025-04-15 00:40:27,2025-04-15 14:31:40
Calgary,broken clouds,62.74,60.75,61.59,64.35,17.08,15.97,16.44,17.97,1006,43,4.12,2025-04-15 09:03:08,2025-04-15 00:40:27,2025-04-15 14:31:40
Calgary,scattered clouds,61.36,58.69,59.36,63.01,16.31,14.83,15.2,17.23,1008,32,3.6,2025-04-15 07:52:57,2025-04-15 00:40:27,2025-04-15 14:31:40
Calgary,scattered clouds,60.06,57.22,57.6,61.5,15.59,14.01,14.22,16.39,1009,31,4.63,2025-04-15 06:58:07,2025-04-15 00:40:27,2025-04-15 14:31:40
Calgary,scattered clouds,58.86,55.9,56.59,59.76,14.92,13.28,13.66,15.42,1009,31,4.63,2025-04-15 06:41:21,2025-04-15 00:40:27,2025-04-15 14:31:40
Calgary,broken clouds,53.29,50.11,51.73,55.42,11.83,10.06,10.96,13.01,1011,38,3.09,2025-04-15 03:56:11,2025-04-15 00:40:27,2025-04-15 14:31:40
Calgary,broken clouds,53.29,50.11,51.73,55.42,11.83,10.06,10.96,13.01,1011,38,3.09,2025-04-15 03:56:11,2025-04-15 00:40:27,2025-04-15 14:31:40
Calgary,overcast clouds,46.33,42.04,45.41,47.01,7.96,5.58,7.45,8.34,1011,46,3.83,2025-04-15 02:15:33,2025-04-15 00:40:27,2025-04-15 14:31:40
Calgary,overcast clouds,46.33,42.04,45.41,47.01,7.96,5.58,7.45,8.34,1011,46,3.83,2025-04-15 02:15:33,2025-04-15 00:40:27,2025-04-15 14:31:40
Calgary,broken clouds,52.57,48.79,51.73,54.41,11.43,9.33,10.96,12.45,1020,27,2.57,2025-04-14 06:51:52,2025-04-14 00:42:34,2025-04-14 14:30:02
Calgary,broken clouds,52.84,49.1,51.73,54.5,11.58,9.5,10.96,12.5,1020,27,2.57,2025-04-14 06:46:11,2025-04-14 00:42:34,2025-04-14 14:30:02
Calgary,broken clouds,53.38,49.69,51.73,55.33,11.88,9.83,10.96,12.96,1020,27,3.13,2025-04-14 06:37:51,2025-04-14 00:42:34,2025-04-14 14:30:02
Calgary,broken clouds,37.54,32.18,34.02,39.6,3.08,0.1,1.12,4.22,1024,43,3.13,2025-04-13 17:58:49,2025-04-14 00:42:34,2025-04-14 14:30:02
Calgary,broken clouds,38.14,34.61,35.65,40.03,3.41,1.45,2.03,4.46,1024,42,2.06,2025-04-13 16:58:55,2025-04-13 00:44:42,2025-04-13 14:28:24
Calgary,broken clouds,38.39,34.9,36.01,40.71,3.55,1.61,2.23,4.84,1024,42,2.06,2025-04-13 16:35:04,2025-04-13 00:44:42,2025-04-13 14:28:24
Calgary,overcast clouds,44.1,44.1,42.51,46.35,6.72,6.72,5.84,7.97,1022,33,0.89,2025-04-13 14:59:21,2025-04-13 00:44:42,2025-04-13 14:28:24
Calgary,broken clouds,46.45,42.42,44.96,47.01,8.03,5.79,7.2,8.34,1022,29,3.6,2025-04-13 13:57:53,2025-04-13 00:44:42,2025-04-13 14:28:24
Calgary,broken clouds,46.78,42.82,45.59,47.64,8.21,6.01,7.55,8.69,1021,28,3.6,2025-04-13 13:29:14,2025-04-13 00:44:42,2025-04-13 14:28:24
Calgary,broken clouds,47.23,43.38,43.77,48.96,8.46,6.32,6.54,9.42,1021,31,3.6,2025-04-13 09:18:48,2025-04-13 00:44:42,2025-04-13 14:28:24
Calgary,broken clouds,47.23,43.38,43.77,48.96,8.46,6.32,6.54,9.42,1021,31,3.6,2025-04-13 09:18:48,2025-04-13 00:44:42,2025-04-13 14:28:24
Calgary,broken clouds,33.6,25.54,32.02,34.95,0.89,-3.59,0.01,1.64,1018,88,4.63,2025-04-12 14:57:18,2025-04-12 00:46:50,2025-04-12 14:26:45
Calgary,broken clouds,33.17,25.0,32.02,34.16,0.65,-3.89,0.01,1.2,1016,92,4.63,2025-04-12 13:57:35,2025-04-12 00:46:50,2025-04-12 14:26:45
Calgary,heavy shower snow,32.76,20.79,31.41,33.96,0.42,-6.23,-0.33,1.09,1015,92,9.26,2025-04-12 12:55:07,2025-04-12 00:46:50,2025-04-12 14:26:45
Calgary,heavy shower snow,33.03,21.79,31.41,34.65,0.57,-5.67,-0.33,1.47,1012,91,8.23,2025-04-12 12:21:54,2025-04-12 00:46:50,2025-04-12 14:26:45
Calgary,light shower snow,34.0,22.73,32.41,35.02,1.11,-5.15,0.23,1.68,1014,89,8.75,2025-04-12 12:00:00,2025-04-12 00:46:50,2025-04-12 14:26:45
Calgary,light shower snow,34.18,22.96,32.41,35.65,1.21,-5.02,0.23,2.03,1014,88,8.75,2025-04-12 11:47:18,2025-04-12 00:46:50,2025-04-12 14:26:45
Calgary,clear sky,46.33,42.6,43.77,47.64,7.96,5.89,6.54,8.69,1012,30,3.28,2025-04-11 15:56:14,2025-04-11 00:49:00,2025-04-11 14:25:07
Calgary,few clouds,60.33,57.38,57.6,62.02,15.74,14.1,14.22,16.68,1008,28,10.29,2025-04-11 12:00:00,2025-04-11 00:49:00,2025-04-11 14:25:07
Calgary,scattered clouds,60.94,58.15,58.77,62.65,16.08,14.53,14.87,17.03,1008,30,8.94,2025-04-11 11:13:57,2025-04-11 00:49:00,2025-04-11 14:25:07
Calgary,scattered clouds,60.75,57.94,58.59,62.51,15.97,14.41,14.77,16.95,1008,30,5.81,2025-04-11 10:50:49,2025-04-11 00:49:00,2025-04-11 14:25:07
Calgary,scattered clouds,60.98,58.19,59.72,62.65,16.1,14.55,15.4,17.03,1009,30,8.23,2025-04-11 09:55:31,2025-04-11 00:49:00,2025-04-11 14:25:07
Calgary,scattered clouds,60.98,58.19,58.77,62.65,16.1,14.55,14.87,17.03,1009,30,8.23,2025-04-11 09:52:46,2025-04-11 00:49:00,2025-04-11 14:25:07
Calgary,scattered clouds,60.48,57.34,58.59,62.51,15.82,14.08,14.77,16.95,1009,24,6.69,2025-04-11 07:58:57,2025-04-11 00:49:00,2025-04-11 14:25:07
Calgary,scattered clouds,59.92,56.55,58.59,61.41,15.51,13.64,14.77,16.34,1009,20,6.69,2025-04-11 07:45:51,2025-04-11 00:49:00,2025-04-11 14:25:07
Calgary,few clouds,56.23,52.92,53.96,58.75,13.46,11.62,12.2,14.86,1009,29,10.29,2025-04-11 04:51:39,2025-04-11 00:49:00,2025-04-11 14:25:07
Calgary,few clouds,53.98,50.67,51.75,55.76,12.21,10.37,10.97,13.2,1009,34,6.26,2025-04-11 03:49:21,2025-04-11 00:49:00,2025-04-11 14:25:07
Calgary,clear sky,52.39,49.17,49.5,53.96,11.33,9.54,9.72,12.2,1009,39,2.68,2025-04-11 02:59:39,2025-04-11 00:49:00,2025-04-11 14:25:07
Calgary,few clouds,48.11,44.44,44.96,50.32,8.95,6.91,7.2,10.18,1009,41,3.6,2025-04-11 01:58:38,2025-04-11 00:49:00,2025-04-11 14:25:07
Calgary,clear sky,45.57,43.02,42.42,47.32,7.54,6.12,5.79,8.51,1008,47,2.24,2025-04-11 00:58:27,2025-04-11 00:49:00,2025-04-11 14:25:07
Calgary,clear sky,45.36,40.28,42.75,46.65,7.42,4.6,5.97,8.14,1008,49,4.47,2025-04-11 00:45:31,2025-04-11 00:49:00,2025-04-11 14:25:07
Calgary,few clouds,49.93,45.63,47.01,51.76,9.96,7.57,8.34,10.98,1006,55,4.92,2025-04-10 21:56:49,2025-04-11 00:49:00,2025-04-11 14:25:07
Calgary,scattered clouds,50.18,47.3,48.15,51.03,10.1,8.5,8.97,10.57,1005,51,10.37,2025-04-10 20:55:45,2025-04-11 00:49:00,2025-04-11 14:25:07
Calgary,clear sky,50.59,47.57,47.41,51.75,10.33,8.65,8.56,10.97,1005,47,3.09,2025-04-10 19:58:24,2025-04-11 00:49:00,2025-04-11 14:25:07
Calgary,clear sky,49.87,47.64,46.42,53.65,9.93,8.69,8.01,12.03,1006,48,2.57,2025-04-10 18:56:08,2025-04-11 00:49:00,2025-04-11 14:25:07
Calgary,few clouds,51.03,47.98,48.76,52.72,10.57,8.88,9.31,11.51,1007,46,4.63,2025-04-10 18:00:03,2025-04-11 00:49:00,2025-04-11 14:25:07
Calgary,few clouds,52.81,49.77,48.76,54.64,11.56,9.87,9.31,12.58,1008,42,4.63,2025-04-10 16:54:11,2025-04-10 00:51:10,2025-04-10 14:23:29
Calgary,scattered clouds,55.02,52.02,51.96,56.01,12.79,11.12,11.09,13.34,1008,38,4.63,2025-04-10 15:58:11,2025-04-10 00:51:10,2025-04-10 14:23:29
Calgary,overcast clouds,57.74,54.91,55.42,59.02,14.3,12.73,13.01,15.01,1009,36,1.79,2025-04-10 14:56:38,2025-04-10 00:51:10,2025-04-10 14:23:29
Calgary,overcast clouds,60.13,58.24,58.01,62.96,15.63,14.58,14.45,17.2,1009,51,5.66,2025-04-10 13:56:58,2025-04-10 00:51:10,2025-04-10 14:23:29
Calgary,overcast clouds,62.8,60.01,60.42,64.65,17.11,15.56,15.79,18.14,1014,26,7.72,2025-04-10 10:21:41,2025-04-10 00:51:10,2025-04-10 14:23:29
Calgary,broken clouds,58.17,55.0,56.59,59.5,14.54,12.78,13.66,15.28,1017,28,2.24,2025-04-10 07:58:51,2025-04-10 00:51:10,2025-04-10 14:23:29
Calgary,broken clouds,58.59,55.42,56.59,60.33,14.77,13.01,13.66,15.74,1017,27,4.47,2025-04-10 07:49:50,2025-04-10 00:51:10,2025-04-10 14:23:29
Calgary,broken clouds,58.75,55.6,56.71,59.74,14.86,13.11,13.73,15.41,1017,27,4.02,2025-04-10 07:39:03,2025-04-10 00:51:10,2025-04-10 14:23:29
Calgary,broken clouds,58.75,55.6,56.71,59.74,14.86,13.11,13.73,15.41,1017,27,4.02,2025-04-10 07:39:03,2025-04-10 00:51:10,2025-04-10 14:23:29
Calgary,broken clouds,58.75,55.6,56.71,59.74,14.86,13.11,13.73,15.41,1017,27,4.02,2025-04-10 07:39:03,2025-04-10 00:51:10,2025-04-10 14:23:29
Calgary,broken clouds,57.18,53.87,54.72,58.95,13.99,12.15,12.62,14.97,1018,27,7.72,2025-04-10 07:27:33,2025-04-10 00:51:10,2025-04-10 14:23:29
Calgary,broken clouds,57.56,54.34,55.6,58.64,14.2,12.41,13.11,14.8,1018,28,4.47,2025-04-10 07:11:00,2025-04-10 00:51:10,2025-04-10 14:23:29
Calgary,broken clouds,57.56,54.34,55.6,58.64,14.2,12.41,13.11,14.8,1018,28,4.47,2025-04-10 07:11:00,2025-04-10 00:51:10,2025-04-10 14:23:29
Calgary,broken clouds,57.13,53.91,54.72,58.64,13.96,12.17,12.62,14.8,1018,29,4.47,2025-04-10 06:59:01,2025-04-10 00:51:10,2025-04-10 14:23:29
Calgary,broken clouds,54.23,50.76,51.58,56.64,12.35,10.42,10.88,13.69,1019,30,5.66,2025-04-10 05:55:41,2025-04-10 00:51:10,2025-04-10 14:23:29
Calgary,broken clouds,51.8,48.15,50.72,53.42,11.0,8.97,10.4,11.9,1020,31,0.89,2025-04-10 05:08:23,2025-04-10 00:51:10,2025-04-10 14:23:29
Calgary,broken clouds,51.8,48.15,49.95,52.77,11.0,8.97,9.97,11.54,1020,31,0.45,2025-04-10 04:55:09,2025-04-10 00:51:10,2025-04-10 14:23:29
Calgary,broken clouds,51.8,48.15,49.95,52.77,11.0,8.97,9.97,11.54,1020,31,0.45,2025-04-10 04:55:09,2025-04-10 00:51:10,2025-04-10 14:23:29
Calgary,broken clouds,51.91,48.25,49.95,52.75,11.06,9.03,9.97,11.53,1020,31,0.89,2025-04-10 04:47:13,2025-04-10 00:51:10,2025-04-10 14:23:29
Calgary,few clouds,46.8,43.99,44.96,48.74,8.22,6.66,7.2,9.3,1022,39,2.57,2025-04-10 03:50:28,2025-04-10 00:51:10,2025-04-10 14:23:29
Calgary,broken clouds,42.42,38.1,39.42,45.75,5.79,3.39,4.12,7.64,1022,47,3.09,2025-04-10 02:57:29,2025-04-10 00:51:10,2025-04-10 14:23:29
Calgary,broken clouds,37.29,33.62,35.02,39.74,2.94,0.9,1.68,4.3,1023,58,2.06,2025-04-10 01:57:14,2025-04-10 00:51:10,2025-04-10 14:23:29
Calgary,broken clouds,35.74,30.88,33.03,37.96,2.08,-0.62,0.57,3.31,1022,60,2.57,2025-04-10 01:04:10,2025-04-10 00:51:10,2025-04-10 14:23:29
Calgary,clear sky,40.8,34.99,36.95,43.16,4.89,1.66,2.75,6.2,1021,51,4.12,2025-04-09 20:18:13,2025-04-10 00:51:10,2025-04-10 14:23:29
Calgary,broken clouds,41.18,37.85,36.77,43.59,5.1,3.25,2.65,6.44,1021,50,2.24,2025-04-09 18:00:00,2025-04-10 00:51:10,2025-04-10 14:23:29
Calgary,few clouds,43.7,38.08,40.64,45.03,6.5,3.38,4.8,7.24,1020,46,4.63,2025-04-09 16:52:42,2025-04-09 00:53:20,2025-04-09 14:21:50
Calgary,broken clouds,45.34,41.58,41.41,47.03,7.41,5.32,5.23,8.35,1020,44,3.13,2025-04-09 16:00:02,2025-04-09 00:53:20,2025-04-09 14:21:50
Calgary,broken clouds,46.42,42.4,42.42,48.02,8.01,5.78,5.79,8.9,1019,41,3.58,2025-04-09 15:27:53,2025-04-09 00:53:20,2025-04-09 14:21:50
Calgary,broken clouds,46.42,42.4,42.42,48.02,8.01,5.78,5.79,8.9,1019,41,3.58,2025-04-09 15:27:53,2025-04-09 00:53:20,2025-04-09 14:21:50
Calgary,scattered clouds,55.9,52.84,52.77,57.33,13.28,11.58,11.54,14.07,1014,35,4.47,2025-04-09 08:52:31,2025-04-09 00:53:20,2025-04-09 14:21:50
Calgary,broken clouds,55.35,51.89,53.42,57.42,12.97,11.05,11.9,14.12,1014,28,6.17,2025-04-09 07:56:47,2025-04-09 00:53:20,2025-04-09 14:21:50
Calgary,broken clouds,55.04,51.57,52.16,56.95,12.8,10.87,11.2,13.86,1014,28,5.81,2025-04-09 07:02:55,2025-04-09 00:53:20,2025-04-09 14:21:50
Calgary,broken clouds,54.81,51.3,52.16,56.75,12.67,10.72,11.2,13.75,1013,28,5.36,2025-04-09 06:56:36,2025-04-09 00:53:20,2025-04-09 14:21:50
Calgary,scattered clouds,52.99,49.39,50.76,54.64,11.66,9.66,10.42,12.58,1013,30,5.66,2025-04-09 05:49:28,2025-04-09 00:53:20,2025-04-09 14:21:50
Calgary,scattered clouds,52.18,48.42,50.59,53.55,11.21,9.12,10.33,11.97,1013,28,5.66,2025-04-09 05:31:36,2025-04-09 00:53:20,2025-04-09 14:21:50
Calgary,broken clouds,51.4,47.7,49.59,52.41,10.78,8.72,9.77,11.34,1013,31,7.72,2025-04-09 05:05:21,2025-04-09 00:53:20,2025-04-09 14:21:50
Calgary,broken clouds,51.85,48.24,49.95,52.75,11.03,9.02,9.97,11.53,1004,32,6.69,2025-04-08 08:49:44,2025-04-08 00:55:32,2025-04-08 14:20:12
Calgary,broken clouds,50.59,47.05,48.42,51.96,10.33,8.36,9.12,11.09,1004,36,7.6,2025-04-08 07:55:05,2025-04-08 00:55:32,2025-04-08 14:20:12
Calgary,broken clouds,50.58,47.07,49.01,52.65,10.32,8.37,9.45,11.47,1004,37,7.2,2025-04-08 07:43:33,2025-04-08 00:55:32,2025-04-08 14:20:12
Calgary,broken clouds,50.34,46.9,49.01,51.66,10.19,8.28,9.45,10.92,1004,39,7.2,2025-04-08 07:32:33,2025-04-08 00:55:32,2025-04-08 14:20:12
Calgary,broken clouds,50.34,46.9,49.01,51.66,10.19,8.28,9.45,10.92,1004,39,7.2,2025-04-08 07:32:33,2025-04-08 00:55:32,2025-04-08 14:20:12
